-- phpMyAdmin SQL Dump
-- version 5.2.0
-- https://www.phpmyadmin.net/
--
-- Hôte : 127.0.0.1
-- Généré le : lun. 07 nov. 2022 à 21:04
-- Version du serveur : 10.4.24-MariaDB
-- Version de PHP : 8.1.6

SET SQL_MODE = "NO_AUTO_VALUE_ON_ZERO";
START TRANSACTION;
SET time_zone = "+00:00";


/*!40101 SET @OLD_CHARACTER_SET_CLIENT=@@CHARACTER_SET_CLIENT */;
/*!40101 SET @OLD_CHARACTER_SET_RESULTS=@@CHARACTER_SET_RESULTS */;
/*!40101 SET @OLD_COLLATION_CONNECTION=@@COLLATION_CONNECTION */;
/*!40101 SET NAMES utf8mb4 */;

--
-- Base de données : `ged`
--

-- --------------------------------------------------------

--
-- Structure de la table `attributs_dossiers`
--

CREATE TABLE `attributs_dossiers` (
  `id` bigint(20) UNSIGNED NOT NULL,
  `nom_champs` varchar(255) COLLATE utf8mb4_unicode_ci NOT NULL,
  `valeur` varchar(255) COLLATE utf8mb4_unicode_ci NOT NULL,
  `type_champs` varchar(255) COLLATE utf8mb4_unicode_ci NOT NULL,
  `dossier_id` bigint(20) UNSIGNED NOT NULL,
  `created_at` timestamp NULL DEFAULT NULL,
  `updated_at` timestamp NULL DEFAULT NULL
) ENGINE=InnoDB DEFAULT CHARSET=utf8mb4 COLLATE=utf8mb4_unicode_ci;

--
-- Déchargement des données de la table `attributs_dossiers`
--

INSERT INTO `attributs_dossiers` (`id`, `nom_champs`, `valeur`, `type_champs`, `dossier_id`, `created_at`, `updated_at`) VALUES
(17, 'FOND', 'fond', 'select', 5, '2022-09-19 08:03:30', '2022-09-19 08:03:30'),
(18, 'fond', 'type', 'select', 5, '2022-09-19 08:03:30', '2022-09-19 08:03:30'),
(19, 'cin', 'zrze', 'text', 5, '2022-09-19 08:03:30', '2022-09-19 08:03:30'),
(20, 'nom', 'zerez', 'text', 5, '2022-09-19 08:03:30', '2022-09-19 08:03:30'),
(21, 'cin1', 'files/w2W2SsNvze8LIjEgGH84l3uccqbG3dGqaj9AuaJe.pdf', 'Fichier', 5, '2022-09-19 08:03:31', '2022-09-19 08:03:31'),
(22, 'FOND', 'fond', 'select', 6, '2022-09-19 08:49:02', '2022-09-19 08:49:02'),
(23, 'fond', 'type', 'select', 6, '2022-09-19 08:49:02', '2022-09-19 08:49:02'),
(24, 'cin', 'zaeaz', 'text', 6, '2022-09-19 08:49:02', '2022-09-19 08:49:02'),
(25, 'nom', 'ezaea', 'text', 6, '2022-09-19 08:49:03', '2022-09-19 08:49:03'),
(26, 'cin1', 'files/up8iYNx7AiLH6G2lmNEeSJhryS3NIrxBjuTCdMa9.pdf', 'Fichier', 6, '2022-09-19 08:49:03', '2022-09-19 08:49:03'),
(27, 'FOND', 'fond', 'select', 7, '2022-09-19 08:50:37', '2022-09-19 08:50:37'),
(28, 'fond', 'type', 'select', 7, '2022-09-19 08:50:38', '2022-09-19 08:50:38'),
(29, 'cin', 'sza', 'text', 7, '2022-09-19 08:50:38', '2022-09-19 08:50:38'),
(30, 'nom', 'eazeza', 'text', 7, '2022-09-19 08:50:38', '2022-09-19 08:50:38'),
(31, 'cin1', 'files/l7f8ieVCg5TiafcVEdlCIX5Y8H3be5C22gtMWVRd.pdf', 'Fichier', 7, '2022-09-19 08:50:38', '2022-09-19 08:50:38'),
(32, 'FOND', 'fond', 'select', 8, '2022-09-19 08:51:39', '2022-09-19 08:51:39'),
(33, 'fond', 'type', 'select', 8, '2022-09-19 08:51:39', '2022-09-19 08:51:39'),
(34, 'cin', 'ssszae', 'text', 8, '2022-09-19 08:51:39', '2022-09-19 08:51:39'),
(35, 'nom', 'zaeka', 'text', 8, '2022-09-19 08:51:39', '2022-09-19 08:51:39'),
(36, 'cin1', 'files/6gr8jaLixevZJZ14Ki3ZiAI2cGGo9Q6eDWaTDkKb.pdf', 'Fichier', 8, '2022-09-19 08:51:39', '2022-09-19 08:51:39'),
(37, 'FOND', 'fond', 'select', 9, '2022-09-19 08:57:37', '2022-09-19 08:57:37'),
(38, 'fond', 'type', 'select', 9, '2022-09-19 08:57:37', '2022-09-19 08:57:37'),
(39, 'cin', 'this cin', 'text', 9, '2022-09-19 08:57:37', '2022-09-19 08:57:37'),
(40, 'nom', 'this nom', 'text', 9, '2022-09-19 08:57:37', '2022-09-19 08:57:37'),
(41, 'cin1', 'files/YXrfh9YIVUaknOTUIDo6JELmhswRDtiZ3IPa28ef.pdf', 'Fichier', 9, '2022-09-19 08:57:37', '2022-09-19 08:57:37'),
(42, 'FOND', 'fond', 'select', 10, '2022-09-19 09:01:31', '2022-09-19 09:01:31'),
(43, 'fond', 'type', 'select', 10, '2022-09-19 09:01:31', '2022-09-19 09:01:31'),
(44, 'cin', 'ay205010', 'text', 10, '2022-09-19 09:01:31', '2022-09-19 09:01:31'),
(45, 'nom', 'sss', 'text', 10, '2022-09-19 09:01:31', '2022-09-19 09:01:31'),
(46, 'cin1', 'files/twYECLOr9zeNFADgjW036DABNtSHBDJasDMe8Jrb.pdf', 'Fichier', 10, '2022-09-19 09:01:31', '2022-09-19 09:01:31'),
(47, 'FOND', 'fond', 'select', 11, '2022-09-19 09:02:15', '2022-09-19 09:02:15'),
(48, 'fond', 'type', 'select', 11, '2022-09-19 09:02:15', '2022-09-19 09:02:15'),
(49, 'cin', 'hg', 'text', 11, '2022-09-19 09:02:15', '2022-09-19 09:02:15'),
(50, 'nom', 'hhi', 'text', 11, '2022-09-19 09:02:15', '2022-09-19 09:02:15'),
(51, 'cin1', 'files/9376UPM78fUvIPBwfaHgov5Ju3tiqMCDDaxiwpTd.pdf', 'Fichier', 11, '2022-09-19 09:02:15', '2022-09-19 09:02:15'),
(52, 'FOND', 'fond', 'select', 12, '2022-09-19 09:03:49', '2022-09-19 09:03:49'),
(53, 'fond', 'type', 'select', 12, '2022-09-19 09:03:49', '2022-09-19 09:03:49'),
(54, 'cin', 'ay205010', 'text', 12, '2022-09-19 09:03:49', '2022-09-19 09:03:49'),
(55, 'nom', 'erzr', 'text', 12, '2022-09-19 09:03:50', '2022-09-19 09:03:50'),
(56, 'cin1', 'files/FlJrNsuHJeXqCutKmxYVmrm0Tf5VRhS5o2q00XQa.pdf', 'Fichier', 12, '2022-09-19 09:03:50', '2022-09-19 09:03:50'),
(57, 'FOND', 'fond', 'select', 13, '2022-09-19 09:06:35', '2022-09-19 09:06:35'),
(58, 'fond', 'type', 'select', 13, '2022-09-19 09:06:35', '2022-09-19 09:06:35'),
(59, 'cin', 'retre', 'text', 13, '2022-09-19 09:06:35', '2022-09-19 09:06:35'),
(60, 'nom', 'erzr', 'text', 13, '2022-09-19 09:06:35', '2022-09-19 09:06:35'),
(61, 'cin1', 'files/d8Qu8tU3ti7fpSKq5JUWeTTmBOEubxG4YUbX9I0A.pdf', 'Fichier', 13, '2022-09-19 09:06:35', '2022-09-19 09:06:35'),
(62, 'FOND', 'fond', 'select', 14, '2022-09-19 09:08:26', '2022-09-19 09:08:26'),
(63, 'fond', 'type', 'select', 14, '2022-09-19 09:08:26', '2022-09-19 09:08:26'),
(64, 'cin', 'zaez', 'text', 14, '2022-09-19 09:08:26', '2022-09-19 09:08:26'),
(65, 'nom', 'z', 'text', 14, '2022-09-19 09:08:26', '2022-09-19 09:08:26'),
(66, 'cin1', 'files/OXWBl2M41ZfB2ZbpReFJGEeKylR7TL5kBD9iExh7.pdf', 'Fichier', 14, '2022-09-19 09:08:26', '2022-09-19 09:08:26'),
(67, 'FOND', 'fond', 'select', 15, '2022-09-19 09:30:12', '2022-09-19 09:30:12'),
(68, 'fond', 'type', 'select', 15, '2022-09-19 09:30:12', '2022-09-19 09:30:12'),
(69, 'cin', 'ay205010', 'text', 15, '2022-09-19 09:30:12', '2022-09-19 09:30:12'),
(70, 'nom', 'ait ben', 'text', 15, '2022-09-19 09:30:12', '2022-09-19 09:30:12'),
(71, 'cin1', 'files/gfY6cRh8m5h9oKHIjkoAZLukogRv05iJpUdeWo7q.pdf', 'Fichier', 15, '2022-09-19 09:30:12', '2022-09-19 09:30:12'),
(72, 'FOND', 'fond', 'select', 16, '2022-09-19 09:32:03', '2022-09-19 09:32:03'),
(73, 'fond', 'type', 'select', 16, '2022-09-19 09:32:03', '2022-09-19 09:32:03'),
(74, 'cin', 'euiyriz', 'text', 16, '2022-09-19 09:32:03', '2022-09-19 09:32:03'),
(75, 'nom', 'zrhsi', 'text', 16, '2022-09-19 09:32:03', '2022-09-19 09:32:03'),
(76, 'cin1', 'files/XaandIsRiOSd6HyVM2peYLiBECEjrjCg791R8puY.pdf', 'Fichier', 16, '2022-09-19 09:32:03', '2022-09-19 09:32:03'),
(77, 'FOND', 'fond', 'select', 17, '2022-09-19 09:45:11', '2022-09-19 09:45:11'),
(78, 'fond', 'type', 'select', 17, '2022-09-19 09:45:11', '2022-09-19 09:45:11'),
(79, 'cin', 'sse', 'text', 17, '2022-09-19 09:45:11', '2022-09-19 09:45:11'),
(80, 'nom', 'snb', 'text', 17, '2022-09-19 09:45:11', '2022-09-19 09:45:11'),
(81, 'cin1', 'files/fomYehJEciePBBGUvc9Q9KzWpkTE66PNIi1g5TAF.pdf', 'Fichier', 17, '2022-09-19 09:45:11', '2022-09-19 09:45:11'),
(82, 'FOND', 'fond', 'select', 18, '2022-09-20 10:22:55', '2022-09-20 10:22:55'),
(83, 'fond', 'type', 'select', 18, '2022-09-20 10:22:55', '2022-09-20 10:22:55'),
(84, 'cin', 'zkehak', 'text', 18, '2022-09-20 10:22:55', '2022-09-20 10:22:55'),
(85, 'nom', 'lakelaz', 'text', 18, '2022-09-20 10:22:55', '2022-09-20 10:22:55'),
(86, 'cin1', 'files/4olEUJz3cFyJt3umLx4377HAqHz5yov56lwOcNtZ.pdf', 'Fichier', 18, '2022-09-20 10:22:55', '2022-09-20 10:22:55'),
(87, 'FOND', 'fond', 'select', 19, '2022-09-20 10:23:38', '2022-09-20 10:23:38'),
(88, 'fond', 'type', 'select', 19, '2022-09-20 10:23:38', '2022-09-20 10:23:38'),
(89, 'cin', 'sLKw', 'text', 19, '2022-09-20 10:23:38', '2022-09-20 10:23:38'),
(90, 'nom', 'sskh', 'text', 19, '2022-09-20 10:23:38', '2022-09-20 10:23:38'),
(91, 'cin1', 'files/e671qJSGB6iDGwJ8ARDEnwc2U2GlblOrTgNEc155.pdf', 'Fichier', 19, '2022-09-20 10:23:38', '2022-09-20 10:23:38'),
(92, 'FOND', 'fond', 'select', 20, '2022-09-20 10:24:14', '2022-09-20 10:24:14'),
(93, 'fond', 'type', 'select', 20, '2022-09-20 10:24:14', '2022-09-20 10:24:14'),
(94, 'cin', 's,n', 'text', 20, '2022-09-20 10:24:14', '2022-09-20 10:24:14'),
(95, 'nom', 'slz', 'text', 20, '2022-09-20 10:24:14', '2022-09-20 10:24:14'),
(96, 'cin1', 'files/S4XfdH0n7tYNycrbH3BT1EjNihcqoMhEj0A1OMui.pdf', 'Fichier', 20, '2022-09-20 10:24:14', '2022-09-20 10:24:14'),
(97, 'FOND', 'fond', 'select', 21, '2022-09-20 12:53:31', '2022-09-20 12:53:31'),
(98, 'fond', 'type', 'select', 21, '2022-09-20 12:53:31', '2022-09-20 12:53:31'),
(99, 'cin', 'khzak', 'text', 21, '2022-09-20 12:53:31', '2022-09-20 12:53:31'),
(100, 'nom', 'kr', 'text', 21, '2022-09-20 12:53:31', '2022-09-20 12:53:31'),
(101, 'cin1', 'files/fSDLBS7RzGw5H7dD2uBsTvaBfreLRjuNUX8ptzwU.pdf', 'Fichier', 21, '2022-09-20 12:53:31', '2022-09-20 12:53:31'),
(102, 'FOND', 'fond', 'select', 22, '2022-09-20 14:04:04', '2022-09-20 14:04:04'),
(103, 'fond', 'type', 'select', 22, '2022-09-20 14:04:04', '2022-09-20 14:04:04'),
(104, 'cin', 'ay205010', 'text', 22, '2022-09-20 14:04:04', '2022-09-20 14:04:04'),
(105, 'nom', 'snb', 'text', 22, '2022-09-20 14:04:04', '2022-09-20 14:04:04'),
(106, 'cin1', 'files/OsPFqbvC8reigxh4gDVN84A8VeRIVN15UxZCLD7U.pdf', 'Fichier', 22, '2022-09-20 14:04:04', '2022-09-20 14:04:04'),
(107, 'FOND', 'fond', 'select', 23, '2022-09-20 14:09:16', '2022-09-20 14:09:16'),
(108, 'fond', 'type', 'select', 23, '2022-09-20 14:09:16', '2022-09-20 14:09:16'),
(109, 'cin', 'sh', 'text', 23, '2022-09-20 14:09:16', '2022-09-20 14:09:16'),
(110, 'nom', '²skh', 'text', 23, '2022-09-20 14:09:16', '2022-09-20 14:09:16'),
(111, 'cin1', 'files/E0EM3l9284SiW7SIoUF9poBRuDoKpuGG6sL4iahW.pdf', 'Fichier', 23, '2022-09-20 14:09:16', '2022-09-20 14:09:16'),
(112, 'FOND', 'fond', 'select', 24, '2022-09-21 20:05:16', '2022-09-21 20:05:16'),
(113, 'fond', 'type', 'select', 24, '2022-09-21 20:05:16', '2022-09-21 20:05:16'),
(114, 'cin', 'zahg', 'text', 24, '2022-09-21 20:05:16', '2022-09-21 20:05:16'),
(115, 'nom', 'klhz', 'text', 24, '2022-09-21 20:05:16', '2022-09-21 20:05:16'),
(116, 'cin1', 'files/cEOBbXJy3eizua9O2tZoAYwTfezfsx20JXgbhwKR.pdf', 'Fichier', 24, '2022-09-21 20:05:16', '2022-09-21 20:05:16'),
(117, 'FOND', 'fond', 'select', 25, '2022-09-21 20:19:51', '2022-09-21 20:19:51'),
(118, 'fond', 'type', 'select', 25, '2022-09-21 20:19:51', '2022-09-21 20:19:51'),
(119, 'cin', 'hgyh', 'text', 25, '2022-09-21 20:19:51', '2022-09-21 20:19:51'),
(120, 'nom', 'hh', 'text', 25, '2022-09-21 20:19:51', '2022-09-21 20:19:51'),
(121, 'cin1', 'files/KcxiVN7tmxkWBng4zy60JuKR303MowZd1NOZn6qb.pdf', 'Fichier', 25, '2022-09-21 20:19:51', '2022-09-21 20:19:51'),
(122, 'FOND', 'fond', 'select', 26, '2022-09-21 20:22:05', '2022-09-21 20:22:05'),
(123, 'fond', 'type', 'select', 26, '2022-09-21 20:22:05', '2022-09-21 20:22:05'),
(124, 'cin', 'hg', 'text', 26, '2022-09-21 20:22:05', '2022-09-21 20:22:05'),
(125, 'nom', 'nb', 'text', 26, '2022-09-21 20:22:05', '2022-09-21 20:22:05'),
(126, 'cin1', 'files/7G2MzuVeLDjWEh2w59dZgHqHxw6vi0DSCJ5YvqVT.pdf', 'Fichier', 26, '2022-09-21 20:22:05', '2022-09-21 20:22:05'),
(127, 'FOND', 'fond', 'select', 27, '2022-09-21 20:22:34', '2022-09-21 20:22:34'),
(128, 'fond', 'type', 'select', 27, '2022-09-21 20:22:34', '2022-09-21 20:22:34'),
(129, 'cin', 'ytryt', 'text', 27, '2022-09-21 20:22:34', '2022-09-21 20:22:34'),
(130, 'nom', 'tyryt', 'text', 27, '2022-09-21 20:22:34', '2022-09-21 20:22:34'),
(131, 'cin1', 'files/nVTJRk94SNV2oTCALM4WHkWKVg2QXfMwUiy5ilDs.pdf', 'Fichier', 27, '2022-09-21 20:22:34', '2022-09-21 20:22:34'),
(132, 'FOND', 'fond', 'select', 28, '2022-09-21 20:23:06', '2022-09-21 20:23:06'),
(133, 'fond', 'type', 'select', 28, '2022-09-21 20:23:06', '2022-09-21 20:23:06'),
(134, 'cin', 'zakhea', 'text', 28, '2022-09-21 20:23:06', '2022-09-21 20:23:06'),
(135, 'nom', 'skh', 'text', 28, '2022-09-21 20:23:06', '2022-09-21 20:23:06'),
(136, 'cin1', 'files/R1Ux6B3CfiwC1tKJwzXDZ6NxvACYqIMdh8hMSNPC.pdf', 'Fichier', 28, '2022-09-21 20:23:06', '2022-09-21 20:23:06'),
(137, 'FOND', 'fond', 'select', 29, '2022-09-21 20:24:36', '2022-09-21 20:24:36'),
(138, 'fond', 'type', 'select', 29, '2022-09-21 20:24:37', '2022-09-21 20:24:37'),
(139, 'cin', 'bhg', 'text', 29, '2022-09-21 20:24:37', '2022-09-21 20:24:37'),
(140, 'nom', 'kghiu', 'text', 29, '2022-09-21 20:24:37', '2022-09-21 20:24:37'),
(141, 'cin1', 'files/dlblcfLIa6QBekQmHyzFNTC0kIgH6SffsZZH0O0x.pdf', 'Fichier', 29, '2022-09-21 20:24:37', '2022-09-21 20:24:37'),
(142, 'FOND', 'fond', 'select', 30, '2022-09-24 20:14:02', '2022-09-24 20:14:02'),
(143, 'fond', 'type', 'select', 30, '2022-09-24 20:14:02', '2022-09-24 20:14:02'),
(144, 'cin', 'hgyu', 'text', 30, '2022-09-24 20:14:02', '2022-09-24 20:14:02'),
(145, 'nom', 'vh', 'text', 30, '2022-09-24 20:14:02', '2022-09-24 20:14:02'),
(146, 'cin1', 'files/n8VVk8KsbJ9vBsIbujosm0zsaUexkafJHvGoCEn7.pdf', 'Fichier', 30, '2022-09-24 20:14:03', '2022-09-24 20:14:03'),
(147, 'FOND', 'fond', 'select', 31, '2022-09-24 20:14:49', '2022-09-24 20:14:49'),
(148, 'fond', 'type', 'select', 31, '2022-09-24 20:14:49', '2022-09-24 20:14:49'),
(149, 'cin', 'zbk,', 'text', 31, '2022-09-24 20:14:49', '2022-09-24 20:14:49'),
(150, 'nom', 'klzlez', 'text', 31, '2022-09-24 20:14:49', '2022-09-24 20:14:49'),
(151, 'cin1', 'files/kRbah2H4Y5nOlDnRUWtmoyzec8h4pGmUI83VkH9J.pdf', 'Fichier', 31, '2022-09-24 20:14:49', '2022-09-24 20:14:49'),
(152, 'FOND', 'fond', 'select', 32, '2022-09-24 20:17:28', '2022-09-24 20:17:28'),
(153, 'fond', 'type', 'select', 32, '2022-09-24 20:17:28', '2022-09-24 20:17:28'),
(154, 'cin', 'hgyu', 'text', 32, '2022-09-24 20:17:28', '2022-09-24 20:17:28'),
(155, 'nom', 'hgiu', 'text', 32, '2022-09-24 20:17:28', '2022-09-24 20:17:28'),
(156, 'cin1', 'files/YzeIG2pEXyX2EkZ06KqZyMrOIvushCdTBsTQjbY8.pdf', 'Fichier', 32, '2022-09-24 20:17:29', '2022-09-24 20:17:29'),
(157, 'FOND', 'fond', 'select', 33, '2022-09-24 20:24:35', '2022-09-24 20:24:35'),
(158, 'fond', 'type', 'select', 33, '2022-09-24 20:24:35', '2022-09-24 20:24:35'),
(159, 'cin', ',ncs;', 'text', 33, '2022-09-24 20:24:35', '2022-09-24 20:24:35'),
(160, 'nom', 's;,ns;', 'text', 33, '2022-09-24 20:24:35', '2022-09-24 20:24:35'),
(161, 'cin1', 'files/uXwc05Wbjip3u4GFBPRubbytQtma5bR95UjYt73Y.pdf', 'Fichier', 33, '2022-09-24 20:24:35', '2022-09-24 20:24:35'),
(162, 'FOND', 'fond', 'select', 34, '2022-10-04 20:20:49', '2022-10-04 20:20:49'),
(163, 'fond', 'type', 'select', 34, '2022-10-04 20:20:49', '2022-10-04 20:20:49'),
(164, 'N dossier', '103457', 'text', 34, '2022-10-04 20:20:49', '2022-10-04 20:20:49'),
(165, 'N programme', 'Ecole Imam Chafii Drarga', 'text', 34, '2022-10-04 20:20:49', '2022-10-04 20:20:49'),
(166, 'DF', 'files/7WYQcpoy7EETorpmlvIFdtqIe38dLF4FarkEBo88.pdf', 'Fichier', 34, '2022-10-04 20:20:49', '2022-10-04 20:20:49'),
(167, 'DE', 'files/07Qhs8KJmG7JudzCUl1vL8s9IlqaJqZX02PzeCKd.pdf', 'Fichier', 34, '2022-10-04 20:20:49', '2022-10-04 20:20:49'),
(168, 'FOND', 'fond', 'select', 35, '2022-10-04 20:52:21', '2022-10-04 20:52:21'),
(169, 'fond', 'type', 'select', 35, '2022-10-04 20:52:21', '2022-10-04 20:52:21'),
(170, 'N dossier', '103457', 'text', 35, '2022-10-04 20:52:21', '2022-10-04 20:52:21'),
(171, 'N programme', 'Ecole Imam Chafii Drarga', 'text', 35, '2022-10-04 20:52:21', '2022-10-04 20:52:21'),
(172, 'DF', 'files/zY6MIM9GJIGmtKKJosLUtI8EUyj3XiUppNsvE1Zh.pdf', 'Fichier', 35, '2022-10-04 20:52:21', '2022-10-04 20:52:21'),
(173, 'DE', 'files/ttUwo2qMVcUPQjMNjxYWvvdv5DMiPx3ahWptOQWv.pdf', 'Fichier', 35, '2022-10-04 20:52:21', '2022-10-04 20:52:21'),
(174, 'FOND', 'fond', 'select', 36, '2022-10-18 14:16:06', '2022-10-18 14:16:06'),
(175, 'fond', 'type', 'select', 36, '2022-10-18 14:16:06', '2022-10-18 14:16:06'),
(176, 'N dossier', 'skkl', 'text', 36, '2022-10-18 14:16:06', '2022-10-18 14:16:06'),
(177, 'N programme', 'slck', 'text', 36, '2022-10-18 14:16:06', '2022-10-18 14:16:06'),
(178, 'salle', 'lcsl', 'text', 36, '2022-10-18 14:16:06', '2022-10-18 14:16:06'),
(179, 'rayonnage', 'mlsc', 'text', 36, '2022-10-18 14:16:06', '2022-10-18 14:16:06'),
(180, 'conteneur', 'mcsml', 'text', 36, '2022-10-18 14:16:06', '2022-10-18 14:16:06'),
(181, 'boite', 'smlk', 'text', 36, '2022-10-18 14:16:06', '2022-10-18 14:16:06'),
(182, 'dispose d', 'on', 'text', 36, '2022-10-18 14:16:06', '2022-10-18 14:16:06'),
(183, 'DF', 'files/OVESajxicN53NGigPCaCaEOp6jslJD82qoEFk7D7.pdf', 'Fichier', 36, '2022-10-18 14:16:06', '2022-10-18 14:16:06'),
(184, 'DE', 'files/BOBzyJSeknnHG2VmTT3MQW0fPzo10awaa27SWEDZ.pdf', 'Fichier', 36, '2022-10-18 14:16:06', '2022-10-18 14:16:06'),
(185, 'FOND', 'fond', 'select', 37, '2022-10-18 14:41:59', '2022-10-18 14:41:59'),
(186, 'fond', 'type', 'select', 37, '2022-10-18 14:41:59', '2022-10-18 14:41:59'),
(187, 'N dossier', 's', 'text', 37, '2022-10-18 14:41:59', '2022-10-18 14:41:59'),
(188, 'N programme', 'ss', 'text', 37, '2022-10-18 14:41:59', '2022-10-18 14:41:59'),
(189, 'salle', 's', 'text', 37, '2022-10-18 14:41:59', '2022-10-18 14:41:59'),
(190, 'rayonnage', 's', 'text', 37, '2022-10-18 14:41:59', '2022-10-18 14:41:59'),
(191, 'conteneur', 's', 'text', 37, '2022-10-18 14:41:59', '2022-10-18 14:41:59'),
(192, 'boite', 's', 'text', 37, '2022-10-18 14:41:59', '2022-10-18 14:41:59'),
(193, 'FOND', 'fond', 'select', 38, '2022-10-18 14:42:12', '2022-10-18 14:42:12'),
(194, 'fond', 'type', 'select', 38, '2022-10-18 14:42:12', '2022-10-18 14:42:12'),
(195, 'N dossier', 'ss', 'text', 38, '2022-10-18 14:42:12', '2022-10-18 14:42:12'),
(196, 'N programme', 'sss', 'text', 38, '2022-10-18 14:42:12', '2022-10-18 14:42:12'),
(197, 'salle', 'ss', 'text', 38, '2022-10-18 14:42:12', '2022-10-18 14:42:12'),
(198, 'rayonnage', 'ss', 'text', 38, '2022-10-18 14:42:12', '2022-10-18 14:42:12'),
(199, 'conteneur', 's', 'text', 38, '2022-10-18 14:42:12', '2022-10-18 14:42:12'),
(200, 'boite', 'ss', 'text', 38, '2022-10-18 14:42:12', '2022-10-18 14:42:12'),
(201, 'FOND', 'fond', 'select', 39, '2022-10-18 14:42:58', '2022-10-18 14:42:58'),
(202, 'fond', 'type', 'select', 39, '2022-10-18 14:42:58', '2022-10-18 14:42:58'),
(203, 'N dossier', 'ss', 'text', 39, '2022-10-18 14:42:58', '2022-10-18 14:42:58'),
(204, 'N programme', 'ss', 'text', 39, '2022-10-18 14:42:58', '2022-10-18 14:42:58'),
(205, 'salle', 's', 'text', 39, '2022-10-18 14:42:58', '2022-10-18 14:42:58'),
(206, 'rayonnage', 'ss', 'text', 39, '2022-10-18 14:42:58', '2022-10-18 14:42:58'),
(207, 'conteneur', 's', 'text', 39, '2022-10-18 14:42:58', '2022-10-18 14:42:58'),
(208, 'boite', 's', 'text', 39, '2022-10-18 14:42:58', '2022-10-18 14:42:58'),
(209, 'dispose d\'une version physique', 'on', 'text', 39, '2022-10-18 14:42:58', '2022-10-18 14:42:58'),
(210, 'DF', 'files/jdqgJmj5KqNzxhIvUfmigsRAmrnq3bFJUO9r6PxX.pdf', 'Fichier', 39, '2022-10-18 14:42:58', '2022-10-18 14:42:58'),
(211, 'FOND', 'fond', 'select', 40, '2022-10-18 14:54:56', '2022-10-18 14:54:56'),
(212, 'fond', 'type', 'select', 40, '2022-10-18 14:54:56', '2022-10-18 14:54:56'),
(213, 'N dossier', 'ay205010', 'text', 40, '2022-10-18 14:54:56', '2022-10-18 14:54:56'),
(214, 'N programme', 'ss', 'text', 40, '2022-10-18 14:54:56', '2022-10-18 14:54:56'),
(215, 'salle', 'ss', 'text', 40, '2022-10-18 14:54:56', '2022-10-18 14:54:56'),
(216, 'FOND', 'fond', 'select', 41, '2022-10-18 15:01:43', '2022-10-18 15:01:43'),
(217, 'fond', 'type', 'select', 41, '2022-10-18 15:01:43', '2022-10-18 15:01:43'),
(218, 'N dossier', 'SS', 'text', 41, '2022-10-18 15:01:43', '2022-10-18 15:01:43'),
(219, 'N programme', 'SS', 'text', 41, '2022-10-18 15:01:43', '2022-10-18 15:01:43'),
(220, 'salle', 'SS', 'text', 41, '2022-10-18 15:01:43', '2022-10-18 15:01:43'),
(221, 'rayonnage', 'SS', 'text', 41, '2022-10-18 15:01:43', '2022-10-18 15:01:43'),
(222, 'conteneur', 'S', 'text', 41, '2022-10-18 15:01:43', '2022-10-18 15:01:43'),
(223, 'boite', 'S', 'text', 41, '2022-10-18 15:01:43', '2022-10-18 15:01:43'),
(224, 'FOND', 'fond', 'select', 42, '2022-10-18 15:02:53', '2022-10-18 15:02:53'),
(225, 'fond', 'type', 'select', 42, '2022-10-18 15:02:53', '2022-10-18 15:02:53'),
(226, 'N dossier', 'SS', 'text', 42, '2022-10-18 15:02:53', '2022-10-18 15:02:53'),
(227, 'N programme', 'SS', 'text', 42, '2022-10-18 15:02:53', '2022-10-18 15:02:53'),
(228, 'salle', 'SS', 'text', 42, '2022-10-18 15:02:53', '2022-10-18 15:02:53'),
(229, 'rayonnage', 'SS', 'text', 42, '2022-10-18 15:02:53', '2022-10-18 15:02:53'),
(230, 'conteneur', 'SS', 'text', 42, '2022-10-18 15:02:53', '2022-10-18 15:02:53'),
(231, 'boite', 'SS', 'text', 42, '2022-10-18 15:02:53', '2022-10-18 15:02:53'),
(298, 'FOND', 'fond', 'select', 49, '2022-10-27 11:41:44', '2022-10-27 11:41:44'),
(299, 'fond', 'type', 'select', 49, '2022-10-27 11:41:44', '2022-10-27 11:41:44'),
(300, 'N dossier', 's', 'text', 49, '2022-10-27 11:41:44', '2022-10-27 11:41:44'),
(301, 'N programme', 'ez', 'text', 49, '2022-10-27 11:41:44', '2022-10-27 11:41:44'),
(302, 'salle', 'z', 'text', 49, '2022-10-27 11:41:44', '2022-10-27 11:41:44'),
(303, 'rayonnage', 'z', 'text', 49, '2022-10-27 11:41:44', '2022-10-27 11:41:44'),
(304, 'conteneur', 'z', 'text', 49, '2022-10-27 11:41:44', '2022-10-27 11:41:44'),
(305, 'boite', 'z', 'text', 49, '2022-10-27 11:41:44', '2022-10-27 11:41:44'),
(306, 'dispose d\'une version physique', 'OUI', 'text', 49, '2022-10-27 11:41:44', '2022-10-27 11:41:44'),
(307, 'DF', 'files/jr2Jlm1KrDIApQvl5sMMxCpXuJddeYAzdC7vsjIP.pdf', 'Fichier', 49, '2022-10-27 11:41:44', '2022-10-27 11:41:44'),
(308, 'DE', 'files/upREkLC9xrfNI99a08NJmpTgJH2EZKxgBwp9mnoW.pdf', 'Fichier', 49, '2022-10-27 11:41:44', '2022-10-27 11:41:44'),
(309, 'PLANDECLASSEMENT_VF', 'files/4pQv65rUJPc892W2RyE6Z9MzwoDL4VaM6bVYTLcj.pdf', 'Fichier', 49, '2022-11-02 14:49:06', '2022-11-02 14:49:06'),
(310, 'Entite', 'test', 'select', 50, '2022-11-04 15:31:34', '2022-11-04 15:31:34'),
(311, 'FOND', 'EEJ SYBA Animateur 1', 'select', 50, '2022-11-04 15:31:34', '2022-11-04 15:31:34'),
(312, 'EEJ SYBA Animateur 1', 'Avril', 'select', 50, '2022-11-04 15:31:34', '2022-11-04 15:31:34'),
(313, 'Avril', 'Base de données Provinciale (consolidée hebdo )', 'select', 50, '2022-11-04 15:31:34', '2022-11-04 15:31:34'),
(314, 'Entite', 'test', 'select', 51, '2022-11-04 15:51:14', '2022-11-04 15:51:14'),
(315, 'FOND', 'EEJ SYBA Animateur 1', 'select', 51, '2022-11-04 15:51:14', '2022-11-04 15:51:14'),
(316, 'EEJ SYBA Animateur 1', 'Avril', 'select', 51, '2022-11-04 15:51:14', '2022-11-04 15:51:14'),
(317, 'Avril', 'Archive Document Scannées (consolidée)', 'select', 51, '2022-11-04 15:51:14', '2022-11-04 15:51:14'),
(318, 'Objet', 'popper.min.js', 'text', 51, '2022-11-04 15:51:14', '2022-11-04 15:51:14'),
(319, 'fichier', 'files/HJVkrOPrAn3Kb27EOC6lW7L0SxO3IbAwKsGXwnLs.txt', 'Fichier', 51, '2022-11-04 15:51:14', '2022-11-04 15:51:14'),
(320, 'Entite', 'test', 'select', 52, '2022-11-04 19:08:23', '2022-11-04 19:08:23'),
(321, 'FOND', 'EEJ SYBA Animateur 1', 'select', 52, '2022-11-04 19:08:23', '2022-11-04 19:08:23'),
(322, 'EEJ SYBA Animateur 1', 'Avril', 'select', 52, '2022-11-04 19:08:23', '2022-11-04 19:08:23'),
(323, 'Avril', 'Base de données Provinciale (consolidée hebdo )', 'select', 52, '2022-11-04 19:08:23', '2022-11-04 19:08:23'),
(324, 'Objet', 'jquery.js', 'text', 52, '2022-11-04 19:08:23', '2022-11-04 19:08:23'),
(325, 'fichier', 'files/d879xu34psCV2d7y1ekw4HeBe1Kl3MZBtf11zZDr.txt', 'Fichier', 52, '2022-11-04 19:08:23', '2022-11-04 19:08:23');

-- --------------------------------------------------------

--
-- Structure de la table `attribut_champs`
--

CREATE TABLE `attribut_champs` (
  `id` bigint(20) UNSIGNED NOT NULL,
  `nom_champs` varchar(255) COLLATE utf8mb4_unicode_ci NOT NULL,
  `type_champs` varchar(255) COLLATE utf8mb4_unicode_ci NOT NULL,
  `dossier_champs_id` bigint(20) UNSIGNED NOT NULL,
  `created_at` timestamp NULL DEFAULT NULL,
  `updated_at` timestamp NULL DEFAULT NULL
) ENGINE=InnoDB DEFAULT CHARSET=utf8mb4 COLLATE=utf8mb4_unicode_ci;

--
-- Déchargement des données de la table `attribut_champs`
--

INSERT INTO `attribut_champs` (`id`, `nom_champs`, `type_champs`, `dossier_champs_id`, `created_at`, `updated_at`) VALUES
(31, 'fichier', 'Fichier', 61, NULL, NULL),
(32, 'Objet', 'Text', 61, NULL, '2022-11-07 18:39:05'),
(33, 'fichier', 'Fichier', 62, NULL, NULL),
(34, 'Objet', 'Text', 62, NULL, '2022-11-07 18:40:23'),
(35, 'fichier', 'Fichier', 63, NULL, NULL),
(36, 'Objet', 'Text', 63, NULL, '2022-11-07 18:40:17'),
(37, 'fichier', 'Fichier', 64, NULL, NULL),
(38, 'Objet', 'Text', 64, NULL, '2022-11-07 18:40:12'),
(39, 'fichier', 'Fichier', 65, NULL, NULL),
(40, 'Objet', 'Text', 65, NULL, '2022-11-07 18:40:06'),
(41, 'fichier', 'Fichier', 66, NULL, NULL),
(42, 'Objet', 'Text', 66, NULL, '2022-11-07 18:40:00'),
(43, 'fichier', 'Fichier', 76, NULL, NULL),
(44, 'Objet', 'Text', 76, NULL, '2022-11-07 18:38:34'),
(45, 'fichier', 'Fichier', 77, NULL, NULL),
(46, 'Objet', 'Text', 77, NULL, '2022-11-07 18:38:40'),
(47, 'fichier', 'Fichier', 78, NULL, NULL),
(48, 'Objet', 'Text', 78, NULL, '2022-11-07 18:38:44'),
(49, 'fichier', 'Fichier', 79, NULL, NULL),
(50, 'Objet', 'Text', 79, NULL, '2022-11-07 18:38:48'),
(51, 'fichier', 'Fichier', 80, NULL, NULL),
(52, 'Objet', 'Text', 80, NULL, '2022-11-07 18:38:52'),
(53, 'fichier', 'Fichier', 82, NULL, NULL),
(54, 'Objet', 'Text', 82, NULL, '2022-11-07 18:38:56'),
(55, 'fichier', 'Fichier', 166, '2022-11-07 18:47:33', '2022-11-07 18:47:33'),
(56, 'Object', 'Text', 166, '2022-11-07 18:47:33', '2022-11-07 18:47:33'),
(57, 'Fichier', 'Fichier', 167, '2022-11-07 18:48:20', '2022-11-07 18:48:20'),
(58, 'Objet', 'Text', 167, '2022-11-07 18:48:20', '2022-11-07 18:48:20'),
(59, 'Fichier', 'Fichier', 168, '2022-11-07 18:48:59', '2022-11-07 18:48:59'),
(60, 'Objet', 'Text', 168, '2022-11-07 18:48:59', '2022-11-07 18:48:59'),
(61, 'Fichier', 'Fichier', 170, '2022-11-07 18:50:51', '2022-11-07 18:50:51'),
(62, 'Objet', 'Text', 170, '2022-11-07 18:50:51', '2022-11-07 18:50:51'),
(63, 'fichier', 'Fichier', 171, '2022-11-07 18:51:38', '2022-11-07 18:51:38'),
(64, 'Objet', 'Text', 171, '2022-11-07 18:51:38', '2022-11-07 18:51:38'),
(65, 'fichier', 'Fichier', 169, NULL, NULL),
(66, 'Objet', 'Text', 169, NULL, NULL);

-- --------------------------------------------------------

--
-- Structure de la table `boites`
--

CREATE TABLE `boites` (
  `id` bigint(20) UNSIGNED NOT NULL,
  `objet` mediumtext COLLATE utf8mb4_unicode_ci NOT NULL,
  `num_boite` int(11) NOT NULL,
  `premier_date` date NOT NULL,
  `dernier_date` date NOT NULL,
  `code_topographe` text COLLATE utf8mb4_unicode_ci NOT NULL,
  `remarque` mediumtext COLLATE utf8mb4_unicode_ci DEFAULT NULL,
  `created_at` timestamp NULL DEFAULT NULL,
  `updated_at` timestamp NULL DEFAULT NULL
) ENGINE=InnoDB DEFAULT CHARSET=utf8mb4 COLLATE=utf8mb4_unicode_ci;

-- --------------------------------------------------------

--
-- Structure de la table `dossiers`
--

CREATE TABLE `dossiers` (
  `id` bigint(20) UNSIGNED NOT NULL,
  `organigramme_id` bigint(20) UNSIGNED NOT NULL,
  `user_id` bigint(20) UNSIGNED NOT NULL,
  `created_at` timestamp NULL DEFAULT NULL,
  `updated_at` timestamp NULL DEFAULT NULL
) ENGINE=InnoDB DEFAULT CHARSET=utf8mb4 COLLATE=utf8mb4_unicode_ci;

--
-- Déchargement des données de la table `dossiers`
--

INSERT INTO `dossiers` (`id`, `organigramme_id`, `user_id`, `created_at`, `updated_at`) VALUES
(5, 1, 1, '2022-09-19 08:03:30', '2022-09-19 08:03:30'),
(6, 1, 1, '2022-09-19 08:49:02', '2022-09-19 08:49:02'),
(7, 1, 1, '2022-09-19 08:50:37', '2022-09-19 08:50:37'),
(8, 1, 1, '2022-09-19 08:51:39', '2022-09-19 08:51:39'),
(9, 1, 1, '2022-09-19 08:57:37', '2022-09-19 08:57:37'),
(10, 1, 1, '2022-09-19 09:01:31', '2022-09-19 09:01:31'),
(11, 1, 1, '2022-09-19 09:02:15', '2022-09-19 09:02:15'),
(12, 1, 1, '2022-09-19 09:03:49', '2022-09-19 09:03:49'),
(13, 1, 1, '2022-09-19 09:06:35', '2022-09-19 09:06:35'),
(14, 1, 1, '2022-09-19 09:08:26', '2022-09-19 09:08:26'),
(15, 1, 1, '2022-09-19 09:30:12', '2022-09-19 09:30:12'),
(16, 1, 1, '2022-09-19 09:32:03', '2022-09-19 09:32:03'),
(17, 1, 1, '2022-09-19 09:45:11', '2022-09-19 09:45:11'),
(18, 1, 1, '2022-09-20 10:22:55', '2022-09-20 10:22:55'),
(19, 1, 1, '2022-09-20 10:23:38', '2022-09-20 10:23:38'),
(20, 1, 1, '2022-09-20 10:24:14', '2022-09-20 10:24:14'),
(21, 1, 1, '2022-09-20 12:53:31', '2022-09-20 12:53:31'),
(22, 1, 1, '2022-09-20 14:04:04', '2022-09-20 14:04:04'),
(23, 1, 1, '2022-09-20 14:09:16', '2022-09-20 14:09:16'),
(24, 1, 1, '2022-09-21 20:05:16', '2022-09-21 20:05:16'),
(25, 1, 1, '2022-09-21 20:19:51', '2022-09-21 20:19:51'),
(26, 1, 1, '2022-09-21 20:22:05', '2022-09-21 20:22:05'),
(27, 1, 1, '2022-09-21 20:22:34', '2022-09-21 20:22:34'),
(28, 1, 1, '2022-09-21 20:23:06', '2022-09-21 20:23:06'),
(29, 1, 1, '2022-09-21 20:24:36', '2022-09-21 20:24:36'),
(30, 1, 1, '2022-09-24 20:14:02', '2022-09-24 20:14:02'),
(31, 1, 1, '2022-09-24 20:14:49', '2022-09-24 20:14:49'),
(32, 1, 1, '2022-09-24 20:17:28', '2022-09-24 20:17:28'),
(33, 1, 1, '2022-09-24 20:24:35', '2022-09-24 20:24:35'),
(34, 1, 1, '2022-10-04 20:20:49', '2022-10-04 20:20:49'),
(35, 1, 1, '2022-10-04 20:52:21', '2022-10-04 20:52:21'),
(36, 1, 1, '2022-10-18 14:16:06', '2022-10-18 14:16:06'),
(37, 1, 1, '2022-10-18 14:41:59', '2022-10-18 14:41:59'),
(38, 1, 1, '2022-10-18 14:42:12', '2022-10-18 14:42:12'),
(39, 1, 1, '2022-10-18 14:42:58', '2022-10-18 14:42:58'),
(40, 1, 1, '2022-10-18 14:54:56', '2022-10-18 14:54:56'),
(41, 1, 1, '2022-10-18 15:01:43', '2022-10-18 15:01:43'),
(42, 1, 1, '2022-10-18 15:02:53', '2022-10-18 15:02:53'),
(49, 1, 4, '2022-10-27 11:41:44', '2022-10-27 11:41:44'),
(50, 6, 1, '2022-11-04 15:31:34', '2022-11-04 15:31:34'),
(51, 6, 1, '2022-11-04 15:51:14', '2022-11-04 15:51:14'),
(52, 6, 1, '2022-11-04 19:08:23', '2022-11-04 19:08:23');

-- --------------------------------------------------------

--
-- Structure de la table `dossier_champs`
--

CREATE TABLE `dossier_champs` (
  `id` bigint(20) UNSIGNED NOT NULL,
  `parent_id` bigint(20) UNSIGNED NOT NULL,
  `nom_champs` varchar(255) COLLATE utf8mb4_unicode_ci NOT NULL,
  `organigramme_id` bigint(20) UNSIGNED NOT NULL,
  `entite_id` bigint(20) UNSIGNED NOT NULL,
  `created_at` timestamp NULL DEFAULT NULL,
  `updated_at` timestamp NULL DEFAULT NULL
) ENGINE=InnoDB DEFAULT CHARSET=utf8mb4 COLLATE=utf8mb4_unicode_ci;

--
-- Déchargement des données de la table `dossier_champs`
--

INSERT INTO `dossier_champs` (`id`, `parent_id`, `nom_champs`, `organigramme_id`, `entite_id`, `created_at`, `updated_at`) VALUES
(22, 21, 'Avril', 6, 7, '2022-11-03 14:25:54', '2022-11-03 14:25:54'),
(23, 22, 'Base de données Provinciale (consolidée hebdo )', 6, 7, '2022-11-03 14:27:57', '2022-11-03 14:27:57'),
(25, 22, 'Base de données conseiller', 6, 7, '2022-11-03 14:29:32', '2022-11-03 14:29:32'),
(26, 22, 'Dossier beneficier (PA & ARE)', 6, 7, '2022-11-03 14:29:42', '2022-11-03 14:29:42'),
(27, 22, 'Planning', 6, 7, '2022-11-03 14:29:58', '2022-11-03 14:29:58'),
(28, 22, 'Document Scannées', 6, 7, '2022-11-03 14:30:26', '2022-11-03 14:30:26'),
(29, 22, 'Autre document (BORDEREAU …)', 6, 7, '2022-11-03 14:30:47', '2022-11-03 14:30:47'),
(30, 22, 'Archive Base de données Provinciale', 6, 7, '2022-11-03 14:31:06', '2022-11-03 14:31:06'),
(31, 22, 'Archive Dossier beneficier (PA & ARE)', 6, 7, '2022-11-03 14:31:17', '2022-11-03 14:31:17'),
(32, 22, 'Archive Planning', 6, 7, '2022-11-03 14:31:25', '2022-11-03 14:31:25'),
(33, 22, 'Archive Document Scannées (consolidée)', 6, 7, '2022-11-03 14:31:43', '2022-11-03 14:31:43'),
(56, 0, 'EEJ SYBA Animateur 1', 6, 10, '2022-11-03 15:35:22', '2022-11-04 19:04:57'),
(57, 0, 'EEJ SYBA Animateur 2', 6, 10, '2022-11-03 15:35:34', '2022-11-03 15:35:34'),
(58, 0, 'EEJ SYBA Animateur 3', 6, 10, '2022-11-03 15:35:44', '2022-11-03 15:35:44'),
(59, 0, 'EEJ SYBA Coordinateur provinciale', 6, 10, '2022-11-03 15:36:19', '2022-11-03 15:36:19'),
(60, 56, 'AVRIL 2022', 6, 10, '2022-11-03 22:09:02', '2022-11-04 21:43:14'),
(61, 60, 'Base de données Provinciale (consolidée hebdo )', 6, 10, '2022-11-03 22:09:44', '2022-11-03 22:09:44'),
(62, 60, 'Base de données conseiller', 6, 10, '2022-11-03 22:10:05', '2022-11-03 22:10:05'),
(63, 60, 'Dossier beneficier (PA & ARE)', 6, 10, '2022-11-03 22:10:20', '2022-11-03 22:10:20'),
(64, 60, 'Planning', 6, 10, '2022-11-03 22:10:35', '2022-11-03 22:10:35'),
(65, 60, 'Document Scannées', 6, 10, '2022-11-03 22:10:56', '2022-11-03 22:10:56'),
(66, 60, 'Autre document (BORDEREAU …)', 6, 10, '2022-11-03 22:11:07', '2022-11-03 22:11:07'),
(71, 0, 'EEJ KAOUKI Animateur 1', 6, 11, '2022-11-04 09:46:26', '2022-11-04 09:46:26'),
(72, 0, 'EEJ KAOUKI Animateur 2', 6, 11, '2022-11-04 09:46:38', '2022-11-04 09:46:38'),
(74, 0, 'EEJ KAOUKI Coordinateur provinciale', 6, 11, '2022-11-04 09:47:43', '2022-11-04 09:47:43'),
(75, 71, 'AVRIL 2022', 6, 11, '2022-11-04 09:48:12', '2022-11-04 21:48:57'),
(76, 75, 'Base de données Provinciale (consolidée hebdo )', 6, 11, '2022-11-04 09:50:37', '2022-11-04 09:50:37'),
(77, 75, 'Base de données conseiller', 6, 11, '2022-11-04 09:51:33', '2022-11-04 09:51:33'),
(78, 75, 'Dossier beneficier (PA & ARE)', 6, 11, '2022-11-04 09:51:52', '2022-11-04 09:51:52'),
(79, 75, 'Planning', 6, 11, '2022-11-04 09:52:07', '2022-11-04 09:52:07'),
(80, 75, 'Document Scannées', 6, 11, '2022-11-04 09:52:21', '2022-11-04 09:52:21'),
(82, 75, 'Autre document (BORDEREAU …)', 6, 11, '2022-11-04 09:53:18', '2022-11-04 09:53:18'),
(88, 0, 'EEJ CHEMAIA ANIMATEUR 1', 6, 12, '2022-11-04 21:33:04', '2022-11-04 21:33:04'),
(89, 0, 'EEJ CHEMAIA ANIMATEUR 2', 6, 12, '2022-11-04 21:33:21', '2022-11-04 21:33:21'),
(90, 0, 'EEJ CHEMAIA COORDINATEUR PROVINCIALE', 6, 12, '2022-11-04 21:34:00', '2022-11-04 21:34:00'),
(91, 0, 'EEJ ATTAOUIA  ANIMATEUR 1', 6, 13, '2022-11-04 21:34:39', '2022-11-04 21:34:39'),
(92, 0, 'EEJ ATTAOUIA ANIMATEUR 2', 6, 13, '2022-11-04 21:34:56', '2022-11-04 21:34:56'),
(93, 0, 'EEJ ATTAOUIA COORDINATEUR PROVINCIALE', 6, 13, '2022-11-04 21:35:53', '2022-11-04 21:35:53'),
(94, 0, 'EEJ BENGUERIR ANIMATEUR 1', 6, 14, '2022-11-04 21:36:25', '2022-11-04 21:36:25'),
(95, 0, 'EEJ BENGUERIR ANIMATEUR 2', 6, 14, '2022-11-04 21:36:47', '2022-11-04 21:36:47'),
(96, 0, 'EEJ BENGUERIR COORDINATEUR PROVINCIALE', 6, 14, '2022-11-04 21:37:00', '2022-11-04 21:37:21'),
(97, 0, 'EEJ TAMANAR ANIMATEUR 1', 6, 15, '2022-11-04 21:37:56', '2022-11-04 21:37:56'),
(98, 0, 'EEJ TAMANAR ANIMATEUR 2', 6, 15, '2022-11-04 21:38:09', '2022-11-04 21:40:29'),
(99, 0, 'EEJ TAMANAR COORDINATEUR PROVINCIALE', 6, 15, '2022-11-04 21:38:22', '2022-11-04 21:41:36'),
(100, 0, 'EEJ AMIZMIZ ANIMATEUR 1', 6, 16, '2022-11-04 21:38:44', '2022-11-04 21:38:44'),
(101, 0, 'EEJ TAMANAR ANIMATEUR 2', 6, 16, '2022-11-04 21:38:56', '2022-11-04 21:40:48'),
(102, 0, 'EEJ TAMANAR COORDINATEUR PROVINCIALE', 6, 16, '2022-11-04 21:39:07', '2022-11-04 21:41:53'),
(103, 0, 'EEJ IMINTANOUT ANIMATEUR 1', 6, 17, '2022-11-04 21:39:28', '2022-11-04 21:39:28'),
(104, 0, 'EEJ IMINTANOUT ANIMATEUR 2', 6, 17, '2022-11-04 21:39:55', '2022-11-04 21:41:03'),
(105, 0, 'EEJ IMINTANOUT COORDINATEUR PROVINCIALE', 6, 17, '2022-11-04 21:40:04', '2022-11-04 21:42:05'),
(106, 57, 'AVRIL 2022', 6, 10, '2022-11-04 21:43:00', '2022-11-04 21:43:00'),
(107, 58, 'AVRIL 2022', 6, 10, '2022-11-04 21:43:41', '2022-11-04 21:43:41'),
(108, 59, 'AVRIL 2022', 6, 10, '2022-11-04 21:44:04', '2022-11-04 21:44:04'),
(109, 56, 'MAI 2022', 6, 10, '2022-11-04 21:44:39', '2022-11-04 21:44:39'),
(110, 57, 'MAI 2022', 6, 10, '2022-11-04 21:45:02', '2022-11-04 21:45:02'),
(111, 58, 'MAI 2022', 6, 10, '2022-11-04 21:45:32', '2022-11-04 21:45:46'),
(112, 59, 'MAI 2022', 6, 10, '2022-11-04 21:48:40', '2022-11-04 21:48:40'),
(113, 71, 'MAI 2022', 6, 11, '2022-11-04 21:49:33', '2022-11-04 21:49:33'),
(114, 72, 'AVRIL 2022', 6, 11, '2022-11-04 21:50:00', '2022-11-04 21:50:00'),
(115, 72, 'MAI 2022', 6, 11, '2022-11-04 21:50:23', '2022-11-04 21:50:23'),
(116, 74, 'AVRIL 2022', 6, 11, '2022-11-04 21:50:58', '2022-11-04 21:50:58'),
(117, 74, 'MAI 2022', 6, 11, '2022-11-04 21:51:23', '2022-11-04 21:51:23'),
(118, 88, 'AVRIL 2022', 6, 12, '2022-11-04 21:51:39', '2022-11-04 21:51:39'),
(119, 88, 'MAI 2022', 6, 12, '2022-11-04 21:51:51', '2022-11-04 21:51:51'),
(120, 89, 'AVRIL 2022', 6, 12, '2022-11-04 21:52:06', '2022-11-04 21:52:06'),
(121, 89, 'MAI 2022', 6, 12, '2022-11-04 21:52:31', '2022-11-04 21:52:31'),
(122, 90, 'AVRIL 2022', 6, 12, '2022-11-04 21:52:53', '2022-11-04 21:52:53'),
(123, 90, 'MAI 2022', 6, 12, '2022-11-04 21:53:10', '2022-11-04 21:53:10'),
(124, 91, 'AVRIL 2022', 6, 13, '2022-11-04 21:53:36', '2022-11-04 21:53:36'),
(125, 91, 'MAI 2022', 6, 13, '2022-11-04 21:53:49', '2022-11-04 21:53:49'),
(126, 92, 'AVRIL 2022', 6, 13, '2022-11-04 21:54:08', '2022-11-04 21:54:08'),
(127, 92, 'MAI 2022', 6, 13, '2022-11-04 21:54:23', '2022-11-04 21:54:23'),
(128, 93, 'AVRIL 2022', 6, 13, '2022-11-04 21:54:37', '2022-11-04 21:54:37'),
(129, 93, 'MAI 2022', 6, 13, '2022-11-04 21:54:57', '2022-11-04 21:54:57'),
(130, 94, 'AVRIL 2022', 6, 14, '2022-11-04 21:55:13', '2022-11-04 21:55:13'),
(131, 94, 'MAI 2022', 6, 14, '2022-11-04 21:55:28', '2022-11-04 21:55:28'),
(132, 95, 'AVRIL 2022', 6, 14, '2022-11-04 21:55:43', '2022-11-04 21:55:43'),
(133, 95, 'MAI 2022', 6, 14, '2022-11-04 21:55:56', '2022-11-04 21:55:56'),
(134, 96, 'AVRIL 2022', 6, 14, '2022-11-04 21:56:19', '2022-11-04 21:56:19'),
(135, 96, 'MAI 2022', 6, 14, '2022-11-04 21:56:33', '2022-11-04 21:56:33'),
(136, 97, 'AVRIL 2022', 6, 15, '2022-11-04 21:56:48', '2022-11-04 21:56:48'),
(137, 97, 'MAI 2022', 6, 15, '2022-11-04 21:57:06', '2022-11-04 21:57:06'),
(138, 98, 'AVRIL 2022', 6, 15, '2022-11-04 21:57:21', '2022-11-04 21:57:21'),
(139, 98, 'MAI 2022', 6, 15, '2022-11-04 21:57:37', '2022-11-04 21:57:37'),
(140, 99, 'AVRIL 2022', 6, 15, '2022-11-04 21:57:51', '2022-11-04 21:57:51'),
(141, 99, 'MAI 2022', 6, 15, '2022-11-04 21:58:04', '2022-11-04 21:58:04'),
(142, 100, 'AVRIL 2022', 6, 16, '2022-11-04 21:58:27', '2022-11-04 21:58:27'),
(143, 100, 'MAI 2022', 6, 16, '2022-11-04 21:58:41', '2022-11-04 21:58:41'),
(144, 101, 'AVRIL 2022', 6, 16, '2022-11-04 21:59:07', '2022-11-04 21:59:07'),
(145, 101, 'MAI 2022', 6, 16, '2022-11-04 21:59:31', '2022-11-04 21:59:31'),
(146, 102, 'AVRIL 2022', 6, 16, '2022-11-04 21:59:46', '2022-11-04 21:59:46'),
(147, 102, 'MAI 2022', 6, 16, '2022-11-04 21:59:59', '2022-11-04 21:59:59'),
(148, 103, 'AVRIL 2022', 6, 17, '2022-11-04 22:00:14', '2022-11-04 22:00:14'),
(149, 103, 'MAI 2022', 6, 17, '2022-11-04 22:00:30', '2022-11-04 22:00:30'),
(150, 104, 'AVRIL 2022', 6, 17, '2022-11-04 22:00:45', '2022-11-04 22:00:45'),
(151, 104, 'MAI 2022', 6, 17, '2022-11-04 22:00:59', '2022-11-04 22:00:59'),
(152, 105, 'AVRIL 2022', 6, 17, '2022-11-04 22:01:12', '2022-11-04 22:01:12'),
(153, 105, 'MAI 2022', 6, 17, '2022-11-04 22:01:29', '2022-11-04 22:01:29'),
(154, 0, 'ARCHIVES EEJ SYBA', 6, 10, '2022-11-05 11:43:24', '2022-11-05 11:43:24'),
(155, 0, 'ARCHIVES EEJ KAOUKI', 6, 11, '2022-11-05 11:45:29', '2022-11-05 11:45:29'),
(156, 0, 'ARCHIVES EEJ CHEMAIA', 6, 12, '2022-11-05 11:46:11', '2022-11-05 11:46:11'),
(157, 0, 'ARCHIVES EEJ ATTAOUIA', 6, 13, '2022-11-05 11:46:28', '2022-11-05 11:46:28'),
(158, 0, 'ARCHIVES EEJ BENGUERIR', 6, 14, '2022-11-05 11:46:47', '2022-11-05 11:46:47'),
(159, 0, 'ARCHIVES EEJ TAMANAR', 6, 15, '2022-11-05 11:47:03', '2022-11-05 11:47:03'),
(160, 0, 'ARCHIVES EEJ AMIZMIZ', 6, 16, '2022-11-05 11:47:20', '2022-11-05 11:47:20'),
(161, 0, 'ARCHIVES EEJ IMINTANOUT', 6, 17, '2022-11-05 11:47:40', '2022-11-05 11:47:40'),
(162, 154, 'ARCHIVES BASE DE DONNEES PROVINCIALE', 6, 10, '2022-11-05 11:49:47', '2022-11-05 11:49:47'),
(163, 154, 'ARCHIVES DOSSIER BENEFICIAIRE (PA & ARE)', 6, 10, '2022-11-05 11:52:04', '2022-11-05 11:52:04'),
(164, 154, 'ARCHIVES PLANNING', 6, 10, '2022-11-05 11:52:55', '2022-11-05 11:52:55'),
(165, 154, 'ARCHIVES DOCUMENTS SCANNEES (CONSOLIDEES)', 6, 10, '2022-11-05 11:54:02', '2022-11-05 11:54:02'),
(166, 118, 'Base de données Provinciale (consolidée hebdo )', 6, 12, '2022-11-07 18:47:33', '2022-11-07 18:47:33'),
(167, 118, 'Base de données conseiller', 6, 12, '2022-11-07 18:48:20', '2022-11-07 18:48:20'),
(168, 118, 'Dossier beneficier (PA & ARE)', 6, 12, '2022-11-07 18:48:59', '2022-11-07 18:49:38'),
(169, 118, 'Planning', 6, 12, '2022-11-07 18:50:19', '2022-11-07 18:50:19'),
(170, 118, 'Document Scannées', 6, 12, '2022-11-07 18:50:51', '2022-11-07 18:50:51'),
(171, 118, 'Autre document (BORDEREAU …)', 6, 12, '2022-11-07 18:51:38', '2022-11-07 18:52:12');

-- --------------------------------------------------------

--
-- Structure de la table `entites`
--

CREATE TABLE `entites` (
  `id` bigint(20) UNSIGNED NOT NULL,
  `nom` varchar(255) COLLATE utf8mb4_unicode_ci NOT NULL,
  `organigramme_id` bigint(20) UNSIGNED NOT NULL,
  `created_at` timestamp NULL DEFAULT NULL,
  `updated_at` timestamp NULL DEFAULT NULL
) ENGINE=InnoDB DEFAULT CHARSET=utf8mb4 COLLATE=utf8mb4_unicode_ci;

--
-- Déchargement des données de la table `entites`
--

INSERT INTO `entites` (`id`, `nom`, `organigramme_id`, `created_at`, `updated_at`) VALUES
(1, 'trr', 1, NULL, NULL),
(4, 'uytu', 2, NULL, NULL),
(10, 'EEJ SYBA', 6, '2022-11-03 15:34:11', '2022-11-03 15:34:11'),
(11, 'EEJ KAOUKI', 6, '2022-11-04 09:45:45', '2022-11-04 09:45:45'),
(12, 'EEJ CHEMAIA', 6, NULL, NULL),
(13, 'EEJ ATTAOUIA', 6, NULL, NULL),
(14, 'EEJ BENGUERIR', 6, NULL, NULL),
(15, 'EEJ TAMANAR', 6, NULL, NULL),
(17, 'EEJ IMINTANOUT', 6, NULL, NULL);

-- --------------------------------------------------------

--
-- Structure de la table `failed_jobs`
--

CREATE TABLE `failed_jobs` (
  `id` bigint(20) UNSIGNED NOT NULL,
  `uuid` varchar(250) COLLATE utf8mb4_unicode_ci NOT NULL,
  `connection` text COLLATE utf8mb4_unicode_ci NOT NULL,
  `queue` text COLLATE utf8mb4_unicode_ci NOT NULL,
  `payload` longtext COLLATE utf8mb4_unicode_ci NOT NULL,
  `exception` longtext COLLATE utf8mb4_unicode_ci NOT NULL,
  `failed_at` timestamp NOT NULL DEFAULT current_timestamp()
) ENGINE=InnoDB DEFAULT CHARSET=utf8mb4 COLLATE=utf8mb4_unicode_ci;

-- --------------------------------------------------------

--
-- Structure de la table `file_searches`
--

CREATE TABLE `file_searches` (
  `id` bigint(20) UNSIGNED NOT NULL,
  `filename` varchar(255) COLLATE utf8mb4_unicode_ci DEFAULT NULL,
  `content` text COLLATE utf8mb4_unicode_ci DEFAULT NULL,
  `dossier_id` bigint(20) UNSIGNED NOT NULL,
  `attributs_dossiers_id` bigint(20) UNSIGNED NOT NULL,
  `projet_id` bigint(20) UNSIGNED NOT NULL,
  `created_at` timestamp NULL DEFAULT NULL,
  `updated_at` timestamp NULL DEFAULT NULL
) ENGINE=InnoDB DEFAULT CHARSET=utf8mb4 COLLATE=utf8mb4_unicode_ci;

--
-- Déchargement des données de la table `file_searches`
--

INSERT INTO `file_searches` (`id`, `filename`, `content`, `dossier_id`, `attributs_dossiers_id`, `projet_id`, `created_at`, `updated_at`) VALUES
(3, 'DF', 'PAJ.IDEVANT MAITRE RIDA ASSEBBANE NOTAIRE A AGADIR SOUSSIGNE\nONT COMPARU\nSociété AL OMRANE AGADIR S.A, Société anonyme à Conseil d\'administration, dont le siége\nsociale est à Agadir, Av. 29 Février Talborjt, CAPITAL Social de 373.266.300, OO Dirhams,\nreprésentée par Messieurs EL JELSALI Driss et Brahim AHMADOU, agissant en vertu des\npouvoirs qu\'ils détiennent à cet effet.\nCI-APRES DENOME LES VENDEURS ESQUALITE D\'UNE PART\nMadame Ymane TOUHADI, demeurant à Agadir, 3 Imm N n° 3, Rue Hôtel de Ville.\nNé 11.09.1963.\nTitulaire de la C.I.N n° SH 38814, de nationalité Marocaine.\nCl-APRES DENOMME-L\'ACQUEREUR\nD\'AUTRE PART\nLesquels ont par ces présentes requis le Notaire soussigné de conférer l\'authenticité aux\nconventions ci-après directement arrêtées entre eux sans le concours ni la participation dudit notaire\nqui n\'est que le rédacteur conventions.\nVENTE TOTALE IMMOBILIERE\nMessieurs Driss EL JELSALI et Brahim AHMADOU, comparants es-qualité vendent par les\nprésentes en s\'obligeant à toutes les garanties prévues en pareille matière à Madame Ymane\nTOUHADI comparante d\'autre part, ici présente et qui accepte les biens immobiliers dont la\ndésignation suit :\nDESIGNATION\nLa totalité de la propriété dite «AJDIGUE G-8-162» sise à Agadir, Programme Tilila, consistant\nen un appartement portant n° 162, d\'une superficie de 82 m2 , situé au 1er Etage et soumis au\nrégime de la copropriété formant la fraction divise n° 6 ainsi que les 166 / lOOOème qui y som\nrattachées.\nEt faisant l\' objet du titre foncier n° 170 195 / 09\nTel et ainsi, au surplus, que la dite propriété existe actuellement sans aucune exception ni réserve.\nORIGINE DE PROPRIETE\nPour l\' origine de propriété, les parties entendent expressément se référer aux énonciations portées\nau titre foncier précité. Pour les service de !\'Enregistrement, les vendeurs es-qualité déclarent avoir\nacquis la dite propriété suivant acte enregistré à Agadir (M) le 24 / 02 / 2005 - OR : 2753 / 2005 -\nRE: 2534 / 2005 - E 17 B / 2351. faisant l\'objet du titre foncier n° 163 558/09.', 49, 307, 1, '2022-10-27 11:41:44', '2022-10-27 11:41:44'),
(4, 'DE', NULL, 49, 308, 1, '2022-10-27 11:41:44', '2022-10-27 11:41:44'),
(5, 'fichier', NULL, 51, 319, 6, '2022-11-04 15:51:14', '2022-11-04 15:51:14'),
(6, 'fichier', NULL, 52, 325, 6, '2022-11-04 19:08:23', '2022-11-04 19:08:23');

-- --------------------------------------------------------

--
-- Structure de la table `historique_dossiers`
--

CREATE TABLE `historique_dossiers` (
  `id` bigint(20) UNSIGNED NOT NULL,
  `user` varchar(255) COLLATE utf8mb4_unicode_ci NOT NULL,
  `action` varchar(255) COLLATE utf8mb4_unicode_ci NOT NULL,
  `dossier_id` bigint(20) UNSIGNED NOT NULL,
  `created_at` timestamp NULL DEFAULT NULL,
  `updated_at` timestamp NULL DEFAULT NULL
) ENGINE=InnoDB DEFAULT CHARSET=utf8mb4 COLLATE=utf8mb4_unicode_ci;

--
-- Déchargement des données de la table `historique_dossiers`
--

INSERT INTO `historique_dossiers` (`id`, `user`, `action`, `dossier_id`, `created_at`, `updated_at`) VALUES
(19, 'indexeur_jamal', 'Consultation du dossier', 33, '2022-10-04 15:44:49', '2022-10-04 15:44:49'),
(20, 'indexeur_jamal', 'Impression du Dossier', 33, '2022-10-04 15:44:54', '2022-10-04 15:44:54'),
(21, 'indexeur_jamal', 'Consultation du dossier', 33, '2022-10-04 15:44:59', '2022-10-04 15:44:59'),
(22, 'indexeur_jamal', 'Consultation du dossier', 33, '2022-10-04 15:49:29', '2022-10-04 15:49:29'),
(23, 'indexeur_jamal', 'Consultation du dossier', 33, '2022-10-04 15:52:09', '2022-10-04 15:52:09'),
(24, 'indexeur_jamal', 'Consultation du dossier', 33, '2022-10-04 15:52:56', '2022-10-04 15:52:56'),
(25, 'indexeur_jamal', 'Consultation du dossier', 33, '2022-10-04 16:16:56', '2022-10-04 16:16:56'),
(26, 'indexeur_jamal', 'Consultation du dossier', 33, '2022-10-04 19:52:39', '2022-10-04 19:52:39'),
(27, 'indexeur_jamal', 'Consultation du dossier', 34, '2022-10-04 20:20:49', '2022-10-04 20:20:49'),
(28, 'indexeur_jamal', 'Consultation du dossier', 35, '2022-10-04 20:52:21', '2022-10-04 20:52:21'),
(29, 'indexeur_jamal', 'Consultation du dossier', 35, '2022-10-04 22:08:14', '2022-10-04 22:08:14'),
(30, 'indexeur_jamal', 'Impression du Dossier', 35, '2022-10-04 22:08:32', '2022-10-04 22:08:32'),
(31, 'indexeur_jamal', 'Consultation du dossier', 35, '2022-10-17 18:57:55', '2022-10-17 18:57:55'),
(32, 'indexeur_jamal', 'Impression du Dossier', 35, '2022-10-17 18:58:07', '2022-10-17 18:58:07'),
(33, 'indexeur_jamal', 'Consultation du dossier', 35, '2022-10-17 19:55:32', '2022-10-17 19:55:32'),
(34, 'indexeur_jamal', 'Consultation du dossier', 35, '2022-10-18 08:23:53', '2022-10-18 08:23:53'),
(35, 'indexeur_jamal', 'Consultation du dossier', 35, '2022-10-18 09:52:43', '2022-10-18 09:52:43'),
(36, 'indexeur_jamal', 'Consultation du dossier', 35, '2022-10-18 13:40:17', '2022-10-18 13:40:17'),
(37, 'indexeur_jamal', 'Impression du Dossier', 35, '2022-10-18 13:51:49', '2022-10-18 13:51:49'),
(38, 'indexeur_jamal', 'Consultation du dossier', 35, '2022-10-18 13:52:14', '2022-10-18 13:52:14'),
(39, 'indexeur_jamal', 'Consultation du dossier', 35, '2022-10-18 13:57:27', '2022-10-18 13:57:27'),
(40, 'indexeur_jamal', 'Consultation du dossier', 36, '2022-10-18 14:16:06', '2022-10-18 14:16:06'),
(41, 'indexeur_jamal', 'Impression du Dossier', 36, '2022-10-18 14:28:26', '2022-10-18 14:28:26'),
(42, 'indexeur_jamal', 'Impression du Dossier', 36, '2022-10-18 14:28:28', '2022-10-18 14:28:28'),
(43, 'indexeur_jamal', 'Impression du Dossier', 36, '2022-10-18 14:28:31', '2022-10-18 14:28:31'),
(44, 'indexeur_jamal', 'Consultation du dossier', 39, '2022-10-18 14:42:58', '2022-10-18 14:42:58'),
(212, 'indexeur_jamal', 'Consultation du dossier', 42, '2022-10-20 19:35:43', '2022-10-20 19:35:43'),
(213, 'indexeur_jamal', 'Consultation du dossier', 42, '2022-10-26 10:11:36', '2022-10-26 10:11:36'),
(214, 'indexeur_jamal', 'Impression du Dossier', 42, '2022-10-26 10:11:44', '2022-10-26 10:11:44'),
(215, 'indexeur_jamal', 'Consultation du dossier', 42, '2022-10-26 10:16:39', '2022-10-26 10:16:39'),
(216, 'indexeur_jamal', 'Impression du Dossier', 42, '2022-10-26 10:35:12', '2022-10-26 10:35:12'),
(217, 'indexeur_jamal', 'Consultation du dossier', 42, '2022-10-26 10:35:13', '2022-10-26 10:35:13'),
(218, 'indexeur_jamal', 'Consultation du dossier', 42, '2022-10-26 10:51:18', '2022-10-26 10:51:18'),
(219, 'indexeur_jamal', 'Impression du Dossier', 42, '2022-10-26 10:51:36', '2022-10-26 10:51:36'),
(220, 'indexeur_jamal', 'Consultation du dossier', 36, '2022-10-27 09:34:21', '2022-10-27 09:34:21'),
(221, 'indexeur_jamal', 'Consultation du dossier', 36, '2022-10-27 11:23:39', '2022-10-27 11:23:39'),
(222, 'indexeur_jamal', 'Impression du Dossier', 36, '2022-10-27 11:23:46', '2022-10-27 11:23:46'),
(223, 'test', 'Consultation du dossier', 49, '2022-10-27 11:41:44', '2022-10-27 11:41:44'),
(224, 'indexeur_jamal', 'Consultation du dossier', 49, '2022-10-27 11:50:44', '2022-10-27 11:50:44'),
(225, 'indexeur_jamal', 'Impression du Dossier', 49, '2022-10-27 11:51:02', '2022-10-27 11:51:02'),
(226, 'indexeur_jamal', 'Consultation du dossier', 49, '2022-10-27 13:47:33', '2022-10-27 13:47:33'),
(227, 'indexeur_jamal', 'Consultation du dossier', 49, '2022-10-27 14:24:06', '2022-10-27 14:24:06'),
(228, 'indexeur_jamal', 'Impression du Dossier', 49, '2022-10-27 14:24:15', '2022-10-27 14:24:15'),
(229, 'indexeur_jamal', 'Consultation du dossier', 49, '2022-10-27 14:33:43', '2022-10-27 14:33:43'),
(230, 'indexeur_jamal', 'Consultation du dossier', 49, '2022-10-27 14:34:16', '2022-10-27 14:34:16'),
(231, 'indexeur_jamal', 'Consultation du dossier', 49, '2022-11-02 10:45:43', '2022-11-02 10:45:43'),
(232, 'indexeur_jamal', 'Impression du Dossier', 49, '2022-11-02 10:46:01', '2022-11-02 10:46:01'),
(233, 'indexeur_jamal', 'Consultation du dossier', 49, '2022-11-02 10:46:30', '2022-11-02 10:46:30'),
(234, 'indexeur_jamal', 'Consultation du dossier', 49, '2022-11-02 10:56:51', '2022-11-02 10:56:51'),
(235, 'indexeur_jamal', 'Consultation du dossier', 49, '2022-11-02 11:03:41', '2022-11-02 11:03:41'),
(236, 'indexeur_jamal', 'Consultation du dossier', 49, '2022-11-02 11:03:56', '2022-11-02 11:03:56'),
(237, 'indexeur_jamal', 'Consultation du dossier', 49, '2022-11-02 11:24:50', '2022-11-02 11:24:50'),
(238, 'indexeur_jamal', 'Consultation du dossier', 49, '2022-11-02 11:26:43', '2022-11-02 11:26:43'),
(239, 'indexeur_jamal', 'Consultation du dossier', 49, '2022-11-02 11:31:59', '2022-11-02 11:31:59'),
(240, 'indexeur_jamal', 'Consultation du dossier', 49, '2022-11-02 11:32:35', '2022-11-02 11:32:35'),
(241, 'indexeur_jamal', 'Consultation du dossier', 49, '2022-11-02 11:33:06', '2022-11-02 11:33:06'),
(242, 'indexeur_jamal', 'Consultation du dossier', 49, '2022-11-02 11:33:31', '2022-11-02 11:33:31'),
(243, 'indexeur_jamal', 'Consultation du dossier', 49, '2022-11-02 11:34:50', '2022-11-02 11:34:50'),
(244, 'indexeur_jamal', 'Consultation du dossier', 49, '2022-11-02 11:35:01', '2022-11-02 11:35:01'),
(245, 'indexeur_jamal', 'Consultation du dossier', 49, '2022-11-02 11:37:47', '2022-11-02 11:37:47'),
(246, 'indexeur_jamal', 'Consultation du dossier', 49, '2022-11-02 11:38:17', '2022-11-02 11:38:17'),
(247, 'indexeur_jamal', 'Consultation du dossier', 49, '2022-11-02 11:38:23', '2022-11-02 11:38:23'),
(248, 'indexeur_jamal', 'Consultation du dossier', 49, '2022-11-02 11:45:50', '2022-11-02 11:45:50'),
(249, 'indexeur_jamal', 'Consultation du dossier', 49, '2022-11-02 11:57:07', '2022-11-02 11:57:07'),
(250, 'indexeur_jamal', 'Impression du Dossier', 49, '2022-11-02 11:58:18', '2022-11-02 11:58:18'),
(251, 'indexeur_jamal', 'Consultation du dossier', 49, '2022-11-02 11:58:39', '2022-11-02 11:58:39'),
(252, 'indexeur_jamal', 'Consultation du dossier', 49, '2022-11-02 11:59:22', '2022-11-02 11:59:22'),
(253, 'indexeur_jamal', 'Consultation du dossier', 49, '2022-11-02 12:01:35', '2022-11-02 12:01:35'),
(254, 'indexeur_jamal', 'Consultation du dossier', 49, '2022-11-02 12:01:55', '2022-11-02 12:01:55'),
(255, 'indexeur_jamal', 'Consultation du dossier', 49, '2022-11-02 12:02:47', '2022-11-02 12:02:47'),
(256, 'indexeur_jamal', 'Consultation du dossier', 49, '2022-11-02 12:03:55', '2022-11-02 12:03:55'),
(257, 'indexeur_jamal', 'Consultation du dossier', 49, '2022-11-02 12:04:06', '2022-11-02 12:04:06'),
(258, 'indexeur_jamal', 'Consultation du dossier', 49, '2022-11-02 12:06:30', '2022-11-02 12:06:30'),
(259, 'indexeur_jamal', 'Impression du Dossier', 49, '2022-11-02 12:06:37', '2022-11-02 12:06:37'),
(260, 'indexeur_jamal', 'Consultation du dossier', 49, '2022-11-02 12:09:12', '2022-11-02 12:09:12'),
(261, 'indexeur_jamal', 'Consultation du dossier', 49, '2022-11-02 12:14:23', '2022-11-02 12:14:23'),
(262, 'indexeur_jamal', 'Impression du Dossier', 49, '2022-11-02 12:14:27', '2022-11-02 12:14:27'),
(263, 'indexeur_jamal', 'Consultation du dossier', 49, '2022-11-02 12:14:43', '2022-11-02 12:14:43'),
(264, 'indexeur_jamal', 'Consultation du dossier', 49, '2022-11-02 13:11:08', '2022-11-02 13:11:08'),
(265, 'indexeur_jamal', 'Consultation du dossier', 49, '2022-11-02 13:11:35', '2022-11-02 13:11:35'),
(266, 'indexeur_jamal', 'Consultation du dossier', 49, '2022-11-02 13:12:21', '2022-11-02 13:12:21'),
(267, 'indexeur_jamal', 'Consultation du dossier', 49, '2022-11-02 13:14:12', '2022-11-02 13:14:12'),
(268, 'indexeur_jamal', 'Consultation du dossier', 49, '2022-11-02 13:15:41', '2022-11-02 13:15:41'),
(269, 'indexeur_jamal', 'Consultation du dossier', 49, '2022-11-02 13:17:57', '2022-11-02 13:17:57'),
(270, 'indexeur_jamal', 'Consultation du dossier', 49, '2022-11-02 13:18:43', '2022-11-02 13:18:43'),
(271, 'indexeur_jamal', 'Consultation du dossier', 49, '2022-11-02 13:18:54', '2022-11-02 13:18:54'),
(272, 'indexeur_jamal', 'Consultation du dossier', 49, '2022-11-02 13:19:21', '2022-11-02 13:19:21'),
(273, 'indexeur_jamal', 'Consultation du dossier', 49, '2022-11-02 13:55:10', '2022-11-02 13:55:10'),
(274, 'indexeur_jamal', 'Consultation du dossier', 49, '2022-11-02 13:56:26', '2022-11-02 13:56:26'),
(275, 'indexeur_jamal', 'Consultation du dossier', 49, '2022-11-02 13:56:56', '2022-11-02 13:56:56'),
(276, 'indexeur_jamal', 'Consultation du dossier', 49, '2022-11-02 14:01:52', '2022-11-02 14:01:52'),
(277, 'indexeur_jamal', 'Consultation du dossier', 49, '2022-11-02 14:06:46', '2022-11-02 14:06:46'),
(278, 'indexeur_jamal', 'Consultation du dossier', 49, '2022-11-02 14:07:49', '2022-11-02 14:07:49'),
(279, 'indexeur_jamal', 'Consultation du dossier', 49, '2022-11-02 14:48:17', '2022-11-02 14:48:17'),
(280, 'indexeur_jamal', 'Consultation du dossier', 49, '2022-11-02 14:48:57', '2022-11-02 14:48:57'),
(281, 'indexeur_jamal', 'Consultation du dossier', 49, '2022-11-02 14:49:07', '2022-11-02 14:49:07'),
(282, 'indexeur_jamal', 'Consultation du dossier', 50, '2022-11-04 15:31:34', '2022-11-04 15:31:34'),
(283, 'indexeur_jamal', 'Consultation du dossier', 51, '2022-11-04 15:51:14', '2022-11-04 15:51:14'),
(284, 'indexeur_jamal', 'Consultation du dossier', 52, '2022-11-04 19:08:23', '2022-11-04 19:08:23'),
(285, 'indexeur_jamal', 'Consultation du dossier', 52, '2022-11-07 17:24:24', '2022-11-07 17:24:24');

-- --------------------------------------------------------

--
-- Structure de la table `indexes`
--

CREATE TABLE `indexes` (
  `id` bigint(20) UNSIGNED NOT NULL,
  `name_index` varchar(255) COLLATE utf8mb4_unicode_ci NOT NULL,
  `attribut_id` bigint(20) UNSIGNED NOT NULL,
  `file_id` bigint(20) UNSIGNED NOT NULL,
  `dossier_id` bigint(20) UNSIGNED NOT NULL,
  `created_at` timestamp NULL DEFAULT NULL,
  `updated_at` timestamp NULL DEFAULT NULL
) ENGINE=InnoDB DEFAULT CHARSET=utf8mb4 COLLATE=utf8mb4_unicode_ci;

-- --------------------------------------------------------

--
-- Structure de la table `migrations`
--

CREATE TABLE `migrations` (
  `id` int(10) UNSIGNED NOT NULL,
  `migration` varchar(255) COLLATE utf8mb4_unicode_ci NOT NULL,
  `batch` int(11) NOT NULL
) ENGINE=InnoDB DEFAULT CHARSET=utf8mb4 COLLATE=utf8mb4_unicode_ci;

--
-- Déchargement des données de la table `migrations`
--

INSERT INTO `migrations` (`id`, `migration`, `batch`) VALUES
(34, '2014_10_12_000000_create_users_table', 1),
(35, '2014_10_12_100000_create_password_resets_table', 1),
(36, '2019_08_19_000000_create_failed_jobs_table', 1),
(37, '2019_12_14_000001_create_personal_access_tokens_table', 1),
(38, '2022_07_07_151024_create_organigrammes_table', 1),
(39, '2022_07_13_095054_create_boites_table', 1),
(40, '2022_07_14_111225_change_code_topo_type', 1),
(41, '2022_07_14_152159_create_dossier_champs_table', 1),
(42, '2022_07_20_182348_create_attribut_champs_table', 1),
(43, '2022_08_01_114326_create_permission_tables', 1),
(44, '2022_08_01_153153_create_dossiers_table', 1),
(45, '2022_08_01_154726_create_attributs_dossiers_table', 1),
(46, '2022_08_10_100608_create_projets_table', 1),
(47, '2022_08_10_221819_add_projet_users_table', 1),
(48, '2022_09_06_093915_add_user_to_dossiers_table', 1),
(49, '2022_09_06_093916_fill_tables_app', 2),
(52, '2022_09_11_130647_add_entite_to_dossier_champs_table', 4),
(61, '2022_09_29_172257_create_index_table', 6),
(62, '2022_10_04_133229_create_historique_dossiers_table', 7),
(66, '2022_10_19_133709_create_request_delete_dossiers_table', 8),
(68, '2022_09_16_162004_file_search', 9),
(69, '2022_09_11_130646_create_entite_table', 10),
(70, '2022_11_03_201535_create_projet_modifiers_table', 11);

-- --------------------------------------------------------

--
-- Structure de la table `model_has_permissions`
--

CREATE TABLE `model_has_permissions` (
  `permission_id` bigint(20) UNSIGNED NOT NULL,
  `model_type` varchar(255) COLLATE utf8mb4_unicode_ci NOT NULL,
  `model_id` bigint(20) UNSIGNED NOT NULL
) ENGINE=InnoDB DEFAULT CHARSET=utf8mb4 COLLATE=utf8mb4_unicode_ci;

-- --------------------------------------------------------

--
-- Structure de la table `model_has_roles`
--

CREATE TABLE `model_has_roles` (
  `role_id` bigint(20) UNSIGNED NOT NULL,
  `model_type` varchar(255) COLLATE utf8mb4_unicode_ci NOT NULL,
  `model_id` bigint(20) UNSIGNED NOT NULL
) ENGINE=InnoDB DEFAULT CHARSET=utf8mb4 COLLATE=utf8mb4_unicode_ci;

--
-- Déchargement des données de la table `model_has_roles`
--

INSERT INTO `model_has_roles` (`role_id`, `model_type`, `model_id`) VALUES
(1, '', 0),
(1, 'App\\Models\\User', 1),
(1, 'App\\Models\\User', 3);

-- --------------------------------------------------------

--
-- Structure de la table `organigrammes`
--

CREATE TABLE `organigrammes` (
  `id` bigint(20) UNSIGNED NOT NULL,
  `nom` varchar(255) COLLATE utf8mb4_unicode_ci NOT NULL,
  `created_at` timestamp NULL DEFAULT NULL,
  `updated_at` timestamp NULL DEFAULT NULL
) ENGINE=InnoDB DEFAULT CHARSET=utf8mb4 COLLATE=utf8mb4_unicode_ci;

--
-- Déchargement des données de la table `organigrammes`
--

INSERT INTO `organigrammes` (`id`, `nom`, `created_at`, `updated_at`) VALUES
(1, 'cdi', '2022-09-06 09:11:04', '2022-09-06 09:11:04'),
(2, 'trete', '2022-09-11 10:49:31', '2022-09-11 10:49:31'),
(6, 'EEJ', '2022-11-03 14:22:47', '2022-11-03 14:22:47');

-- --------------------------------------------------------

--
-- Structure de la table `password_resets`
--

CREATE TABLE `password_resets` (
  `email` varchar(250) COLLATE utf8mb4_unicode_ci NOT NULL,
  `token` varchar(255) COLLATE utf8mb4_unicode_ci NOT NULL,
  `created_at` timestamp NULL DEFAULT NULL
) ENGINE=InnoDB DEFAULT CHARSET=utf8mb4 COLLATE=utf8mb4_unicode_ci;

-- --------------------------------------------------------

--
-- Structure de la table `permissions`
--

CREATE TABLE `permissions` (
  `id` bigint(20) UNSIGNED NOT NULL,
  `name` varchar(255) COLLATE utf8mb4_unicode_ci NOT NULL,
  `guard_name` varchar(255) COLLATE utf8mb4_unicode_ci NOT NULL,
  `created_at` timestamp NULL DEFAULT NULL,
  `updated_at` timestamp NULL DEFAULT NULL
) ENGINE=InnoDB DEFAULT CHARSET=utf8mb4 COLLATE=utf8mb4_unicode_ci;

--
-- Déchargement des données de la table `permissions`
--

INSERT INTO `permissions` (`id`, `name`, `guard_name`, `created_at`, `updated_at`) VALUES
(1, 'gestion des boites', 'web', '2022-09-06 09:09:21', '2022-09-06 09:09:21'),
(2, 'Créer les dossiers', 'web', '2022-10-25 10:50:15', '2022-10-24 23:00:00'),
(3, 'Modifier le plan de classement', 'web', '0000-00-00 00:00:00', NULL),
(4, 'gestion des utilisateurs', 'web', NULL, NULL),
(5, 'Modifier les dossiers', 'web', NULL, NULL),
(6, 'Modifier les roles', 'web', '2022-10-01 10:59:55', '2022-09-30 23:00:00'),
(7, 'Voir le plan de classement', 'web', '2022-10-01 12:12:46', NULL);

-- --------------------------------------------------------

--
-- Structure de la table `personal_access_tokens`
--

CREATE TABLE `personal_access_tokens` (
  `id` bigint(20) UNSIGNED NOT NULL,
  `tokenable_type` varchar(255) COLLATE utf8mb4_unicode_ci NOT NULL,
  `tokenable_id` bigint(20) UNSIGNED NOT NULL,
  `name` varchar(250) COLLATE utf8mb4_unicode_ci NOT NULL,
  `token` varchar(250) COLLATE utf8mb4_unicode_ci NOT NULL,
  `abilities` text COLLATE utf8mb4_unicode_ci DEFAULT NULL,
  `last_used_at` timestamp NULL DEFAULT NULL,
  `created_at` timestamp NULL DEFAULT NULL,
  `updated_at` timestamp NULL DEFAULT NULL
) ENGINE=InnoDB DEFAULT CHARSET=utf8mb4 COLLATE=utf8mb4_unicode_ci;

-- --------------------------------------------------------

--
-- Structure de la table `projets`
--

CREATE TABLE `projets` (
  `id` bigint(20) UNSIGNED NOT NULL,
  `organigrammes_id` bigint(20) UNSIGNED DEFAULT NULL,
  `user_id` bigint(20) UNSIGNED DEFAULT NULL,
  `dossiers` longtext CHARACTER SET utf8mb4 COLLATE utf8mb4_bin DEFAULT NULL CHECK (json_valid(`dossiers`)),
  `created_at` timestamp NULL DEFAULT NULL,
  `updated_at` timestamp NULL DEFAULT NULL
) ENGINE=InnoDB DEFAULT CHARSET=utf8mb4 COLLATE=utf8mb4_unicode_ci;

--
-- Déchargement des données de la table `projets`
--

INSERT INTO `projets` (`id`, `organigrammes_id`, `user_id`, `dossiers`, `created_at`, `updated_at`) VALUES
(194, 6, 1, '[\"56\",\"57\",\"71\"]', '2022-11-04 15:30:27', '2022-11-04 15:30:27');

-- --------------------------------------------------------

--
-- Structure de la table `projet_modifiers`
--

CREATE TABLE `projet_modifiers` (
  `id` bigint(20) UNSIGNED NOT NULL,
  `organigrammes_id` bigint(20) UNSIGNED DEFAULT NULL,
  `user_id` bigint(20) UNSIGNED DEFAULT NULL,
  `dossiers` longtext CHARACTER SET utf8mb4 COLLATE utf8mb4_bin DEFAULT NULL CHECK (json_valid(`dossiers`)),
  `created_at` timestamp NULL DEFAULT NULL,
  `updated_at` timestamp NULL DEFAULT NULL
) ENGINE=InnoDB DEFAULT CHARSET=utf8mb4 COLLATE=utf8mb4_unicode_ci;

--
-- Déchargement des données de la table `projet_modifiers`
--

INSERT INTO `projet_modifiers` (`id`, `organigrammes_id`, `user_id`, `dossiers`, `created_at`, `updated_at`) VALUES
(43, 6, 1, '[\"56\"]', '2022-11-04 15:30:27', '2022-11-04 15:30:27');

-- --------------------------------------------------------

--
-- Structure de la table `request_delete_dossiers`
--

CREATE TABLE `request_delete_dossiers` (
  `id` bigint(20) UNSIGNED NOT NULL,
  `name_user` varchar(255) COLLATE utf8mb4_unicode_ci NOT NULL,
  `motif` varchar(255) COLLATE utf8mb4_unicode_ci NOT NULL,
  `dossier_id` bigint(20) UNSIGNED NOT NULL,
  `created_at` timestamp NULL DEFAULT NULL,
  `updated_at` timestamp NULL DEFAULT NULL
) ENGINE=InnoDB DEFAULT CHARSET=utf8mb4 COLLATE=utf8mb4_unicode_ci;

-- --------------------------------------------------------

--
-- Structure de la table `roles`
--

CREATE TABLE `roles` (
  `id` bigint(20) UNSIGNED NOT NULL,
  `name` varchar(255) COLLATE utf8mb4_unicode_ci NOT NULL,
  `guard_name` varchar(255) COLLATE utf8mb4_unicode_ci NOT NULL,
  `created_at` timestamp NULL DEFAULT NULL,
  `updated_at` timestamp NULL DEFAULT NULL
) ENGINE=InnoDB DEFAULT CHARSET=utf8mb4 COLLATE=utf8mb4_unicode_ci;

--
-- Déchargement des données de la table `roles`
--

INSERT INTO `roles` (`id`, `name`, `guard_name`, `created_at`, `updated_at`) VALUES
(1, 'admin', 'web', '2022-09-06 09:09:21', '2022-09-06 09:09:21'),
(2, 'test', 'web', '2022-10-26 14:48:39', '2022-10-26 14:48:39'),
(3, 'sgww', 'web', '2022-10-26 15:28:49', '2022-10-26 15:28:49'),
(4, 'sss', 'web', '2022-10-26 15:28:59', '2022-10-26 15:28:59');

-- --------------------------------------------------------

--
-- Structure de la table `role_has_permissions`
--

CREATE TABLE `role_has_permissions` (
  `permission_id` bigint(20) UNSIGNED NOT NULL,
  `role_id` bigint(20) UNSIGNED NOT NULL
) ENGINE=InnoDB DEFAULT CHARSET=utf8mb4 COLLATE=utf8mb4_unicode_ci;

--
-- Déchargement des données de la table `role_has_permissions`
--

INSERT INTO `role_has_permissions` (`permission_id`, `role_id`) VALUES
(1, 1),
(1, 2),
(2, 1),
(2, 2),
(3, 1),
(4, 1),
(5, 1),
(5, 3),
(5, 4),
(6, 1),
(7, 1);

-- --------------------------------------------------------

--
-- Structure de la table `users`
--

CREATE TABLE `users` (
  `id` bigint(20) UNSIGNED NOT NULL,
  `identifiant` varchar(255) COLLATE utf8mb4_unicode_ci NOT NULL,
  `nom` varchar(255) COLLATE utf8mb4_unicode_ci NOT NULL,
  `prenom` varchar(255) COLLATE utf8mb4_unicode_ci NOT NULL,
  `telephone` int(11) DEFAULT NULL,
  `projet_select_id` bigint(20) UNSIGNED DEFAULT NULL,
  `email` varchar(250) COLLATE utf8mb4_unicode_ci NOT NULL,
  `email_verified_at` timestamp NULL DEFAULT NULL,
  `password` varchar(255) COLLATE utf8mb4_unicode_ci NOT NULL,
  `remember_token` varchar(100) COLLATE utf8mb4_unicode_ci DEFAULT NULL,
  `created_at` timestamp NULL DEFAULT NULL,
  `updated_at` timestamp NULL DEFAULT NULL
) ENGINE=InnoDB DEFAULT CHARSET=utf8mb4 COLLATE=utf8mb4_unicode_ci;

--
-- Déchargement des données de la table `users`
--

INSERT INTO `users` (`id`, `identifiant`, `nom`, `prenom`, `telephone`, `projet_select_id`, `email`, `email_verified_at`, `password`, `remember_token`, `created_at`, `updated_at`) VALUES
(1, 'indexeur_jamal', 'jamal', 'kamal', 697712113, 6, 'mehdi@gmail.com', NULL, '$2y$10$X/FDI2xHsaV8aCv5ei.57.9YrXbZvrXxJY8utsARldONvJBxXxPSm', 'rYODXtdGzY4R3QkFDEjV54NmxMjbE3oFimB6uZ9CDZZQhA0ykOA5u4ASPguq', '2022-09-06 09:09:21', '2022-11-04 15:30:34'),
(3, 'indexeur_jamal11', 'kshk', 'skb', 697712113, 0, 'mehdi@gmail.comii', NULL, '$2y$10$5ojfcwKnv9Togi363.eOQu18RTP.uWEDGQ7qrvZaPp6ayG8Lq.u0y', NULL, '2022-10-17 08:57:53', '2022-11-03 15:39:27'),
(4, 'test', 'ytzau', 'lslks', 697712113, 1, 'mehdi111111@gmail.com', NULL, '$2y$10$CGBzP7BzFwVqbyYIubJmLOvNfnh0qvITgJE3.XbNnZbb78RLnfk0y', '2dvgjvXWKmO2ydmQRuEoHMWrw7QBAv74XRfMKDQr4fyuoJcFnWEH4XJYKg7X', '2022-10-17 18:54:56', '2022-10-27 11:40:24');

--
-- Index pour les tables déchargées
--

--
-- Index pour la table `attributs_dossiers`
--
ALTER TABLE `attributs_dossiers`
  ADD PRIMARY KEY (`id`),
  ADD KEY `attributs_dossiers_dossier_id_foreign` (`dossier_id`);

--
-- Index pour la table `attribut_champs`
--
ALTER TABLE `attribut_champs`
  ADD PRIMARY KEY (`id`),
  ADD KEY `attribut_champs_dossier_champs_id_foreign` (`dossier_champs_id`);

--
-- Index pour la table `boites`
--
ALTER TABLE `boites`
  ADD PRIMARY KEY (`id`);

--
-- Index pour la table `dossiers`
--
ALTER TABLE `dossiers`
  ADD PRIMARY KEY (`id`),
  ADD KEY `dossiers_organigramme_id_foreign` (`organigramme_id`),
  ADD KEY `dossiers_user_id_foreign` (`user_id`);

--
-- Index pour la table `dossier_champs`
--
ALTER TABLE `dossier_champs`
  ADD PRIMARY KEY (`id`),
  ADD KEY `dossier_champs_organigramme_id_foreign` (`organigramme_id`);

--
-- Index pour la table `entites`
--
ALTER TABLE `entites`
  ADD PRIMARY KEY (`id`),
  ADD KEY `entites_organigramme_id_foreign` (`organigramme_id`);

--
-- Index pour la table `failed_jobs`
--
ALTER TABLE `failed_jobs`
  ADD PRIMARY KEY (`id`),
  ADD UNIQUE KEY `failed_jobs_uuid_unique` (`uuid`);

--
-- Index pour la table `file_searches`
--
ALTER TABLE `file_searches`
  ADD PRIMARY KEY (`id`),
  ADD KEY `file_searches_dossier_id_foreign` (`dossier_id`),
  ADD KEY `file_searches_attributs_dossiers_id_foreign` (`attributs_dossiers_id`);

--
-- Index pour la table `historique_dossiers`
--
ALTER TABLE `historique_dossiers`
  ADD PRIMARY KEY (`id`),
  ADD KEY `historique_dossiers_dossier_id_foreign` (`dossier_id`);

--
-- Index pour la table `indexes`
--
ALTER TABLE `indexes`
  ADD PRIMARY KEY (`id`),
  ADD KEY `indexes_attribut_id_foreign` (`attribut_id`),
  ADD KEY `indexes_file_id_foreign` (`file_id`),
  ADD KEY `indexes_dossier_id_foreign` (`dossier_id`);

--
-- Index pour la table `migrations`
--
ALTER TABLE `migrations`
  ADD PRIMARY KEY (`id`);

--
-- Index pour la table `model_has_permissions`
--
ALTER TABLE `model_has_permissions`
  ADD PRIMARY KEY (`permission_id`,`model_id`,`model_type`),
  ADD KEY `model_has_permissions_model_id_model_type_index` (`model_id`,`model_type`);

--
-- Index pour la table `model_has_roles`
--
ALTER TABLE `model_has_roles`
  ADD PRIMARY KEY (`role_id`,`model_id`,`model_type`),
  ADD KEY `model_has_roles_model_id_model_type_index` (`model_id`,`model_type`);

--
-- Index pour la table `organigrammes`
--
ALTER TABLE `organigrammes`
  ADD PRIMARY KEY (`id`);

--
-- Index pour la table `password_resets`
--
ALTER TABLE `password_resets`
  ADD KEY `password_resets_email_index` (`email`);

--
-- Index pour la table `permissions`
--
ALTER TABLE `permissions`
  ADD PRIMARY KEY (`id`),
  ADD UNIQUE KEY `permissions_name_guard_name_unique` (`name`,`guard_name`);

--
-- Index pour la table `personal_access_tokens`
--
ALTER TABLE `personal_access_tokens`
  ADD PRIMARY KEY (`id`),
  ADD UNIQUE KEY `personal_access_tokens_token_unique` (`token`),
  ADD KEY `personal_access_tokens_tokenable_type_tokenable_id_index` (`tokenable_type`,`tokenable_id`);

--
-- Index pour la table `projets`
--
ALTER TABLE `projets`
  ADD PRIMARY KEY (`id`),
  ADD KEY `projets_organigrammes_id_foreign` (`organigrammes_id`),
  ADD KEY `projets_user_id_foreign` (`user_id`);

--
-- Index pour la table `projet_modifiers`
--
ALTER TABLE `projet_modifiers`
  ADD PRIMARY KEY (`id`),
  ADD KEY `projet_modifiers_organigrammes_id_foreign` (`organigrammes_id`),
  ADD KEY `projet_modifiers_user_id_foreign` (`user_id`);

--
-- Index pour la table `request_delete_dossiers`
--
ALTER TABLE `request_delete_dossiers`
  ADD PRIMARY KEY (`id`);

--
-- Index pour la table `roles`
--
ALTER TABLE `roles`
  ADD PRIMARY KEY (`id`),
  ADD UNIQUE KEY `roles_name_guard_name_unique` (`name`,`guard_name`);

--
-- Index pour la table `role_has_permissions`
--
ALTER TABLE `role_has_permissions`
  ADD PRIMARY KEY (`permission_id`,`role_id`),
  ADD KEY `role_has_permissions_role_id_foreign` (`role_id`);

--
-- Index pour la table `users`
--
ALTER TABLE `users`
  ADD PRIMARY KEY (`id`),
  ADD UNIQUE KEY `users_email_unique` (`email`);

--
-- AUTO_INCREMENT pour les tables déchargées
--

--
-- AUTO_INCREMENT pour la table `attributs_dossiers`
--
ALTER TABLE `attributs_dossiers`
  MODIFY `id` bigint(20) UNSIGNED NOT NULL AUTO_INCREMENT, AUTO_INCREMENT=326;

--
-- AUTO_INCREMENT pour la table `attribut_champs`
--
ALTER TABLE `attribut_champs`
  MODIFY `id` bigint(20) UNSIGNED NOT NULL AUTO_INCREMENT, AUTO_INCREMENT=67;

--
-- AUTO_INCREMENT pour la table `boites`
--
ALTER TABLE `boites`
  MODIFY `id` bigint(20) UNSIGNED NOT NULL AUTO_INCREMENT;

--
-- AUTO_INCREMENT pour la table `dossiers`
--
ALTER TABLE `dossiers`
  MODIFY `id` bigint(20) UNSIGNED NOT NULL AUTO_INCREMENT, AUTO_INCREMENT=53;

--
-- AUTO_INCREMENT pour la table `dossier_champs`
--
ALTER TABLE `dossier_champs`
  MODIFY `id` bigint(20) UNSIGNED NOT NULL AUTO_INCREMENT, AUTO_INCREMENT=172;

--
-- AUTO_INCREMENT pour la table `entites`
--
ALTER TABLE `entites`
  MODIFY `id` bigint(20) UNSIGNED NOT NULL AUTO_INCREMENT, AUTO_INCREMENT=18;

--
-- AUTO_INCREMENT pour la table `failed_jobs`
--
ALTER TABLE `failed_jobs`
  MODIFY `id` bigint(20) UNSIGNED NOT NULL AUTO_INCREMENT;

--
-- AUTO_INCREMENT pour la table `file_searches`
--
ALTER TABLE `file_searches`
  MODIFY `id` bigint(20) UNSIGNED NOT NULL AUTO_INCREMENT, AUTO_INCREMENT=7;

--
-- AUTO_INCREMENT pour la table `historique_dossiers`
--
ALTER TABLE `historique_dossiers`
  MODIFY `id` bigint(20) UNSIGNED NOT NULL AUTO_INCREMENT, AUTO_INCREMENT=286;

--
-- AUTO_INCREMENT pour la table `indexes`
--
ALTER TABLE `indexes`
  MODIFY `id` bigint(20) UNSIGNED NOT NULL AUTO_INCREMENT, AUTO_INCREMENT=14;

--
-- AUTO_INCREMENT pour la table `migrations`
--
ALTER TABLE `migrations`
  MODIFY `id` int(10) UNSIGNED NOT NULL AUTO_INCREMENT, AUTO_INCREMENT=71;

--
-- AUTO_INCREMENT pour la table `organigrammes`
--
ALTER TABLE `organigrammes`
  MODIFY `id` bigint(20) UNSIGNED NOT NULL AUTO_INCREMENT, AUTO_INCREMENT=7;

--
-- AUTO_INCREMENT pour la table `permissions`
--
ALTER TABLE `permissions`
  MODIFY `id` bigint(20) UNSIGNED NOT NULL AUTO_INCREMENT, AUTO_INCREMENT=8;

--
-- AUTO_INCREMENT pour la table `personal_access_tokens`
--
ALTER TABLE `personal_access_tokens`
  MODIFY `id` bigint(20) UNSIGNED NOT NULL AUTO_INCREMENT;

--
-- AUTO_INCREMENT pour la table `projets`
--
ALTER TABLE `projets`
  MODIFY `id` bigint(20) UNSIGNED NOT NULL AUTO_INCREMENT, AUTO_INCREMENT=195;

--
-- AUTO_INCREMENT pour la table `projet_modifiers`
--
ALTER TABLE `projet_modifiers`
  MODIFY `id` bigint(20) UNSIGNED NOT NULL AUTO_INCREMENT, AUTO_INCREMENT=44;

--
-- AUTO_INCREMENT pour la table `request_delete_dossiers`
--
ALTER TABLE `request_delete_dossiers`
  MODIFY `id` bigint(20) UNSIGNED NOT NULL AUTO_INCREMENT, AUTO_INCREMENT=8;

--
-- AUTO_INCREMENT pour la table `roles`
--
ALTER TABLE `roles`
  MODIFY `id` bigint(20) UNSIGNED NOT NULL AUTO_INCREMENT, AUTO_INCREMENT=5;

--
-- AUTO_INCREMENT pour la table `users`
--
ALTER TABLE `users`
  MODIFY `id` bigint(20) UNSIGNED NOT NULL AUTO_INCREMENT, AUTO_INCREMENT=5;

--
-- Contraintes pour les tables déchargées
--

--
-- Contraintes pour la table `attributs_dossiers`
--
ALTER TABLE `attributs_dossiers`
  ADD CONSTRAINT `attributs_dossiers_dossier_id_foreign` FOREIGN KEY (`dossier_id`) REFERENCES `dossiers` (`id`) ON DELETE CASCADE;

--
-- Contraintes pour la table `attribut_champs`
--
ALTER TABLE `attribut_champs`
  ADD CONSTRAINT `attribut_champs_dossier_champs_id_foreign` FOREIGN KEY (`dossier_champs_id`) REFERENCES `dossier_champs` (`id`) ON DELETE CASCADE;

--
-- Contraintes pour la table `dossiers`
--
ALTER TABLE `dossiers`
  ADD CONSTRAINT `dossiers_organigramme_id_foreign` FOREIGN KEY (`organigramme_id`) REFERENCES `organigrammes` (`id`) ON DELETE CASCADE,
  ADD CONSTRAINT `dossiers_user_id_foreign` FOREIGN KEY (`user_id`) REFERENCES `users` (`id`);

--
-- Contraintes pour la table `dossier_champs`
--
ALTER TABLE `dossier_champs`
  ADD CONSTRAINT `dossier_champs_organigramme_id_foreign` FOREIGN KEY (`organigramme_id`) REFERENCES `organigrammes` (`id`) ON DELETE CASCADE;

--
-- Contraintes pour la table `entites`
--
ALTER TABLE `entites`
  ADD CONSTRAINT `entites_organigramme_id_foreign` FOREIGN KEY (`organigramme_id`) REFERENCES `organigrammes` (`id`) ON DELETE CASCADE;

--
-- Contraintes pour la table `file_searches`
--
ALTER TABLE `file_searches`
  ADD CONSTRAINT `file_searches_attributs_dossiers_id_foreign` FOREIGN KEY (`attributs_dossiers_id`) REFERENCES `attributs_dossiers` (`id`) ON DELETE CASCADE,
  ADD CONSTRAINT `file_searches_dossier_id_foreign` FOREIGN KEY (`dossier_id`) REFERENCES `dossiers` (`id`) ON DELETE CASCADE;

--
-- Contraintes pour la table `historique_dossiers`
--
ALTER TABLE `historique_dossiers`
  ADD CONSTRAINT `historique_dossiers_dossier_id_foreign` FOREIGN KEY (`dossier_id`) REFERENCES `dossiers` (`id`) ON DELETE CASCADE;

--
-- Contraintes pour la table `indexes`
--
ALTER TABLE `indexes`
  ADD CONSTRAINT `indexes_attribut_id_foreign` FOREIGN KEY (`attribut_id`) REFERENCES `attribut_champs` (`id`) ON DELETE CASCADE,
  ADD CONSTRAINT `indexes_dossier_id_foreign` FOREIGN KEY (`dossier_id`) REFERENCES `dossier_champs` (`id`) ON DELETE CASCADE,
  ADD CONSTRAINT `indexes_file_id_foreign` FOREIGN KEY (`file_id`) REFERENCES `attribut_champs` (`id`) ON DELETE CASCADE;

--
-- Contraintes pour la table `model_has_permissions`
--
ALTER TABLE `model_has_permissions`
  ADD CONSTRAINT `model_has_permissions_permission_id_foreign` FOREIGN KEY (`permission_id`) REFERENCES `permissions` (`id`) ON DELETE CASCADE;

--
-- Contraintes pour la table `model_has_roles`
--
ALTER TABLE `model_has_roles`
  ADD CONSTRAINT `model_has_roles_role_id_foreign` FOREIGN KEY (`role_id`) REFERENCES `roles` (`id`) ON DELETE CASCADE;

--
-- Contraintes pour la table `projets`
--
ALTER TABLE `projets`
  ADD CONSTRAINT `projets_organigrammes_id_foreign` FOREIGN KEY (`organigrammes_id`) REFERENCES `organigrammes` (`id`) ON DELETE CASCADE,
  ADD CONSTRAINT `projets_user_id_foreign` FOREIGN KEY (`user_id`) REFERENCES `users` (`id`) ON DELETE CASCADE;

--
-- Contraintes pour la table `projet_modifiers`
--
ALTER TABLE `projet_modifiers`
  ADD CONSTRAINT `projet_modifiers_organigrammes_id_foreign` FOREIGN KEY (`organigrammes_id`) REFERENCES `organigrammes` (`id`) ON DELETE CASCADE,
  ADD CONSTRAINT `projet_modifiers_user_id_foreign` FOREIGN KEY (`user_id`) REFERENCES `users` (`id`) ON DELETE CASCADE;

--
-- Contraintes pour la table `role_has_permissions`
--
ALTER TABLE `role_has_permissions`
  ADD CONSTRAINT `role_has_permissions_permission_id_foreign` FOREIGN KEY (`permission_id`) REFERENCES `permissions` (`id`) ON DELETE CASCADE,
  ADD CONSTRAINT `role_has_permissions_role_id_foreign` FOREIGN KEY (`role_id`) REFERENCES `roles` (`id`) ON DELETE CASCADE;
COMMIT;

/*!40101 SET CHARACTER_SET_CLIENT=@OLD_CHARACTER_SET_CLIENT */;
/*!40101 SET CHARACTER_SET_RESULTS=@OLD_CHARACTER_SET_RESULTS */;
/*!40101 SET COLLATION_CONNECTION=@OLD_COLLATION_CONNECTION */;
